-- phpMyAdmin SQL Dump
-- version 4.8.5
-- https://www.phpmyadmin.net/
--
-- Host: 127.0.0.1
-- Generation Time: Apr 05, 2019 at 05:06 AM
-- Server version: 10.1.38-MariaDB
-- PHP Version: 7.1.27

SET SQL_MODE = "NO_AUTO_VALUE_ON_ZERO";
SET AUTOCOMMIT = 0;
START TRANSACTION;
SET time_zone = "+00:00";


/*!40101 SET @OLD_CHARACTER_SET_CLIENT=@@CHARACTER_SET_CLIENT */;
/*!40101 SET @OLD_CHARACTER_SET_RESULTS=@@CHARACTER_SET_RESULTS */;
/*!40101 SET @OLD_COLLATION_CONNECTION=@@COLLATION_CONNECTION */;
/*!40101 SET NAMES utf8mb4 */;

--
-- Database: `laravelcrudecommerceapi`
--

-- --------------------------------------------------------

--
-- Table structure for table `migrations`
--

CREATE TABLE `migrations` (
  `id` int(10) UNSIGNED NOT NULL,
  `migration` varchar(191) COLLATE utf8mb4_unicode_ci NOT NULL,
  `batch` int(11) NOT NULL
) ENGINE=InnoDB DEFAULT CHARSET=utf8mb4 COLLATE=utf8mb4_unicode_ci;

--
-- Dumping data for table `migrations`
--

INSERT INTO `migrations` (`id`, `migration`, `batch`) VALUES
(1, '2014_10_12_000000_create_users_table', 1),
(2, '2014_10_12_100000_create_password_resets_table', 1),
(3, '2019_04_05_010010_create_products_table', 1),
(4, '2019_04_05_010135_create_reviews_table', 1);

-- --------------------------------------------------------

--
-- Table structure for table `password_resets`
--

CREATE TABLE `password_resets` (
  `email` varchar(191) COLLATE utf8mb4_unicode_ci NOT NULL,
  `token` varchar(191) COLLATE utf8mb4_unicode_ci NOT NULL,
  `created_at` timestamp NULL DEFAULT NULL
) ENGINE=InnoDB DEFAULT CHARSET=utf8mb4 COLLATE=utf8mb4_unicode_ci;

-- --------------------------------------------------------

--
-- Table structure for table `products`
--

CREATE TABLE `products` (
  `id` bigint(20) UNSIGNED NOT NULL,
  `name` varchar(191) COLLATE utf8mb4_unicode_ci NOT NULL,
  `detail` text COLLATE utf8mb4_unicode_ci NOT NULL,
  `price` decimal(10,2) DEFAULT '0.00',
  `stock` int(11) NOT NULL,
  `discount` decimal(10,2) DEFAULT '0.00',
  `created_at` timestamp NULL DEFAULT NULL,
  `updated_at` timestamp NULL DEFAULT NULL
) ENGINE=InnoDB DEFAULT CHARSET=utf8mb4 COLLATE=utf8mb4_unicode_ci;

--
-- Dumping data for table `products`
--

INSERT INTO `products` (`id`, `name`, `detail`, `price`, `stock`, `discount`, `created_at`, `updated_at`) VALUES
(1, 'qui', 'Voluptatem veniam velit voluptates quo atque. Esse harum a aliquid enim aliquam in odit. Cumque harum neque voluptas dolores nemo eligendi.', '951.06', 4, '15.00', '2019-04-04 20:05:06', '2019-04-04 20:05:06'),
(2, 'rerum', 'Amet reprehenderit assumenda nulla eaque et qui. Suscipit architecto minima quo quis molestiae. Enim inventore at odit sequi quos alias. Dolorem deserunt nihil qui omnis laboriosam deleniti.', '367.93', 7, '20.00', '2019-04-04 20:05:06', '2019-04-04 20:05:06'),
(3, 'rerum', 'Tenetur nam et tempora numquam sapiente nulla. Est vel tempore quia numquam. Quos ullam alias vero odio. Debitis quasi odit quos perspiciatis molestiae commodi.', '304.41', 8, '11.00', '2019-04-04 20:05:06', '2019-04-04 20:05:06'),
(4, 'excepturi', 'In nemo ut eius placeat voluptate nihil. Quidem adipisci enim animi quibusdam dolorem dolore eaque. Quia enim vel dolores.', '601.74', 4, '15.00', '2019-04-04 20:05:06', '2019-04-04 20:05:06'),
(5, 'veniam', 'Molestiae ab sapiente tempora ipsa. Odit aut velit dignissimos minima quia beatae laborum fugit. Accusantium aut in cumque vitae. Aut repudiandae ipsa sit dolor.', '737.29', 9, '18.00', '2019-04-04 20:05:06', '2019-04-04 20:05:06'),
(6, 'fugit', 'Dicta aut mollitia debitis est similique sapiente consequuntur. Omnis dolores sequi et officiis repellendus blanditiis. Quod sed fuga labore temporibus et velit sequi.', '536.63', 4, '28.00', '2019-04-04 20:05:06', '2019-04-04 20:05:06'),
(7, 'illum', 'Magni nobis optio voluptas saepe tenetur non dolorem. Ipsum asperiores voluptates quidem in est.', '490.60', 9, '24.00', '2019-04-04 20:05:06', '2019-04-04 20:05:06'),
(8, 'ea', 'Voluptatem sapiente ut in mollitia quod ipsa consequuntur. Est dolore sunt reprehenderit molestiae neque impedit et autem. Commodi dolore velit vel incidunt dolor perspiciatis.', '289.60', 8, '18.00', '2019-04-04 20:05:06', '2019-04-04 20:05:06'),
(9, 'sint', 'Est consequuntur repellat sint velit et. Voluptas qui est porro maxime amet. Officia in rerum rerum quia nihil.', '846.94', 8, '20.00', '2019-04-04 20:05:06', '2019-04-04 20:05:06'),
(10, 'aliquid', 'Quo et et sint sed architecto mollitia rerum. Dolorem reprehenderit veritatis molestiae adipisci ex adipisci. Accusantium quia ut vitae ducimus eligendi sit. Dolor est rerum autem est.', '548.25', 9, '21.00', '2019-04-04 20:05:06', '2019-04-04 20:05:06'),
(11, 'ex', 'Est quisquam nisi sunt quo. Voluptates odio voluptatem aliquid placeat doloremque. Quis qui sint nihil deleniti et quo dolorem. Officia ex cumque reiciendis cumque accusamus beatae.', '278.07', 5, '3.00', '2019-04-04 20:05:06', '2019-04-04 20:05:06'),
(12, 'reprehenderit', 'Suscipit ducimus esse earum ea sint id molestias. Molestiae qui eum quaerat quas et blanditiis totam. Architecto eos voluptatibus rerum rerum. Vel aut adipisci at provident repellat quia.', '509.78', 7, '3.00', '2019-04-04 20:05:06', '2019-04-04 20:05:06'),
(13, 'doloribus', 'Molestias dolores aut esse perspiciatis nobis nobis unde. Expedita voluptas provident iusto ratione. Ea eaque rerum placeat sint. Eos placeat commodi et ut qui aut doloremque.', '678.44', 4, '30.00', '2019-04-04 20:05:06', '2019-04-04 20:05:06'),
(14, 'exercitationem', 'Est molestiae et ut nobis. Pariatur ut et est voluptas dolor.', '265.89', 2, '4.00', '2019-04-04 20:05:06', '2019-04-04 20:05:06'),
(15, 'occaecati', 'Nobis sequi quas nostrum quidem voluptas cumque consequatur. Ducimus est aliquam ipsam quis veniam. Eos vitae debitis cumque et itaque voluptas repellat.', '222.43', 7, '28.00', '2019-04-04 20:05:06', '2019-04-04 20:05:06'),
(16, 'repudiandae', 'Vel voluptatem voluptatem consequuntur dolore. Eum animi dicta laborum suscipit. Non corporis quis ut voluptas beatae quia exercitationem omnis. Non ut voluptate eligendi quidem.', '965.00', 9, '8.00', '2019-04-04 20:05:06', '2019-04-04 20:05:06'),
(17, 'quis', 'Beatae aliquam voluptas pariatur ea ab. Veritatis voluptas eius magni voluptates. Natus iure ratione quae omnis. Voluptas explicabo velit repellat ab repellat sed.', '462.55', 9, '26.00', '2019-04-04 20:05:07', '2019-04-04 20:05:07'),
(18, 'debitis', 'Id reprehenderit fuga accusamus enim ipsam et. Fugit aut sed provident quasi ab.', '720.70', 5, '21.00', '2019-04-04 20:05:07', '2019-04-04 20:05:07'),
(19, 'ut', 'Amet nulla alias quam minus illum ducimus odio. Id quo non eveniet rerum perspiciatis suscipit.', '678.27', 8, '27.00', '2019-04-04 20:05:07', '2019-04-04 20:05:07'),
(20, 'non', 'Accusamus omnis commodi quis placeat. Sint maxime aliquid nam ea iusto. Expedita quisquam ipsa voluptas repellat et est.', '321.28', 2, '19.00', '2019-04-04 20:05:07', '2019-04-04 20:05:07'),
(21, 'sequi', 'Et architecto necessitatibus doloremque dolorum est et. Tenetur in asperiores iusto. Et culpa neque occaecati nihil officiis eius. Voluptatem libero omnis rerum autem dolores consectetur.', '139.41', 3, '8.00', '2019-04-04 20:05:07', '2019-04-04 20:05:07'),
(22, 'voluptate', 'Consequatur est quo molestiae et recusandae non fugiat. Quos dolores in ea consequuntur possimus est.', '144.33', 3, '12.00', '2019-04-04 20:05:07', '2019-04-04 20:05:07'),
(23, 'itaque', 'Autem omnis inventore unde doloribus delectus eveniet ad. Iure rerum nostrum enim odio. Quis nobis explicabo quibusdam aut.', '155.29', 5, '27.00', '2019-04-04 20:05:07', '2019-04-04 20:05:07'),
(24, 'quia', 'Totam sed aperiam et neque possimus. Pariatur aut impedit quo corporis iure repellat. Rem corrupti suscipit sint.', '929.49', 5, '20.00', '2019-04-04 20:05:07', '2019-04-04 20:05:07'),
(25, 'quia', 'Quaerat maiores qui eos rem. Ut aut est voluptate reprehenderit. Necessitatibus doloribus sed deleniti numquam cumque. Voluptates explicabo consequatur amet.', '543.77', 7, '16.00', '2019-04-04 20:05:07', '2019-04-04 20:05:07'),
(26, 'architecto', 'Quaerat accusamus in quas laborum rerum. Nemo hic inventore sapiente voluptatibus deleniti. Corporis eligendi minima magni et tenetur debitis quia.', '165.00', 3, '2.00', '2019-04-04 20:05:07', '2019-04-04 20:05:07'),
(27, 'architecto', 'Nihil dolor necessitatibus aut unde ipsam perspiciatis. Eaque dolor amet nulla. Odit quas laboriosam optio vel modi officia.', '782.53', 5, '13.00', '2019-04-04 20:05:07', '2019-04-04 20:05:07'),
(28, 'omnis', 'Enim corporis dolorem nemo sint vel. Optio vel impedit aliquid veniam pariatur voluptate fugit. Molestias laudantium odio ut.', '227.00', 2, '4.00', '2019-04-04 20:05:07', '2019-04-04 20:05:07'),
(29, 'rem', 'Dolorem quo itaque qui. Quo officiis eum corporis rerum magni ut ut. Voluptatum voluptate sed enim odio temporibus nihil nostrum. Iure labore quia doloribus pariatur corrupti.', '131.73', 4, '7.00', '2019-04-04 20:05:07', '2019-04-04 20:05:07'),
(30, 'atque', 'Et velit voluptas deleniti atque quos. Possimus quo quod exercitationem non nobis est consectetur. Ullam libero est aut a aut.', '161.47', 1, '29.00', '2019-04-04 20:05:07', '2019-04-04 20:05:07'),
(31, 'id', 'Ipsa soluta necessitatibus architecto neque minus. Sunt in quos esse soluta quaerat.', '913.28', 6, '16.00', '2019-04-04 20:05:07', '2019-04-04 20:05:07'),
(32, 'qui', 'Consequuntur cupiditate sint velit dolore dolor. Sapiente est molestiae ut nesciunt quis est.', '357.50', 8, '26.00', '2019-04-04 20:05:07', '2019-04-04 20:05:07'),
(33, 'voluptate', 'Inventore iste doloremque consequatur dolores repudiandae. Aut et tenetur quod est minus. Impedit ut vero aut molestiae ut. Harum quia commodi quo quae itaque ut.', '360.30', 8, '30.00', '2019-04-04 20:05:07', '2019-04-04 20:05:07'),
(34, 'doloribus', 'Nesciunt perferendis vel culpa natus. Consectetur et qui eos sint. Eveniet magnam aperiam veniam natus quasi praesentium ullam est. Atque accusamus magnam numquam veniam doloribus.', '125.30', 2, '18.00', '2019-04-04 20:05:07', '2019-04-04 20:05:07'),
(35, 'est', 'Minus blanditiis dolorem illum adipisci omnis quibusdam recusandae. Nobis quis atque in autem similique. Consequatur architecto quae totam. Quis esse autem voluptatem recusandae asperiores et qui sit.', '772.00', 8, '15.00', '2019-04-04 20:05:08', '2019-04-04 20:05:08'),
(36, 'ut', 'Tempore debitis at odit. Pariatur officiis consectetur dicta est provident neque. Inventore sit minima et ipsam non dolore maiores. Exercitationem officiis dicta maxime et.', '529.72', 8, '19.00', '2019-04-04 20:05:08', '2019-04-04 20:05:08'),
(37, 'veniam', 'Qui maiores nemo optio deserunt molestiae. Dolore et quod omnis in unde alias veniam esse. Totam sint sit alias voluptas at earum non.', '876.00', 6, '3.00', '2019-04-04 20:05:08', '2019-04-04 20:05:08'),
(38, 'aut', 'Voluptas temporibus harum et quaerat voluptatem rerum dolorem distinctio. Mollitia quasi vel iusto reiciendis. Aperiam consequatur corporis omnis reprehenderit.', '365.00', 9, '7.00', '2019-04-04 20:05:08', '2019-04-04 20:05:08'),
(39, 'ea', 'Omnis tempora soluta sint. Distinctio vero laboriosam et. Maxime ratione non reiciendis ea praesentium exercitationem sed voluptatibus. Culpa aut ut et excepturi molestias consequuntur exercitationem.', '744.10', 2, '9.00', '2019-04-04 20:05:08', '2019-04-04 20:05:08'),
(40, 'aperiam', 'Commodi et inventore omnis cum. Amet deserunt mollitia ut consequatur fugit. Repudiandae commodi aliquam adipisci. Enim qui nemo et non.', '530.86', 9, '22.00', '2019-04-04 20:05:08', '2019-04-04 20:05:08'),
(41, 'sit', 'Eius qui et et non maxime soluta est. Animi earum placeat non minus nihil nihil. Qui explicabo ut ratione placeat. Aut omnis commodi porro nulla.', '394.59', 1, '15.00', '2019-04-04 20:05:08', '2019-04-04 20:05:08'),
(42, 'repudiandae', 'Aut rerum itaque rerum iusto enim ea distinctio. Totam dicta aut quo praesentium quaerat earum voluptas beatae. Dicta autem nobis facilis quia. Quo saepe tenetur laborum ipsa.', '933.07', 7, '7.00', '2019-04-04 20:05:08', '2019-04-04 20:05:08'),
(43, 'quis', 'Ducimus iste aliquam facere eveniet. Aut sed consequatur tempore in repellat. Quaerat aut minus doloribus aut iure ratione reiciendis.', '922.35', 0, '23.00', '2019-04-04 20:05:08', '2019-04-04 20:05:08'),
(44, 'eveniet', 'Et illum earum ut sunt earum autem beatae. Ut veniam ut magni dolores sed. Tempora magnam ullam iste praesentium. Adipisci numquam eveniet aut quos harum molestiae.', '441.48', 0, '14.00', '2019-04-04 20:05:08', '2019-04-04 20:05:08'),
(45, 'at', 'Temporibus excepturi repudiandae nemo voluptate. Molestias possimus autem magnam qui. Quia mollitia explicabo explicabo. Ut qui neque accusamus vitae corporis sed quidem.', '764.81', 5, '9.00', '2019-04-04 20:05:08', '2019-04-04 20:05:08'),
(46, 'et', 'Labore et asperiores animi fugit dignissimos est. Sit nostrum cum eaque voluptatem aliquam autem. Et delectus dicta id illo. Omnis at sapiente libero nihil et sequi.', '156.79', 1, '15.00', '2019-04-04 20:05:08', '2019-04-04 20:05:08'),
(47, 'ut', 'Blanditiis qui ad omnis ut qui debitis. Nobis sunt nisi temporibus et odio veritatis iure ut. Accusamus corporis dolores magni pariatur voluptates fugiat optio.', '332.75', 3, '16.00', '2019-04-04 20:05:08', '2019-04-04 20:05:08'),
(48, 'deleniti', 'Et molestiae molestiae qui molestiae odit nesciunt. Aliquid ducimus ipsam recusandae maxime commodi voluptatem. Quis tempora eum at est ducimus autem non numquam.', '597.47', 9, '15.00', '2019-04-04 20:05:08', '2019-04-04 20:05:08'),
(49, 'rerum', 'Natus nemo voluptate voluptates non. Necessitatibus aliquid aperiam consectetur quia voluptas incidunt eligendi. Molestiae et saepe perspiciatis vero. Praesentium unde non autem consequatur id rerum eos.', '681.56', 7, '15.00', '2019-04-04 20:05:08', '2019-04-04 20:05:08'),
(50, 'laborum', 'Libero accusamus aliquam doloremque praesentium dignissimos autem. Et similique fuga pariatur ipsa debitis sunt ut. Velit perspiciatis cumque ea soluta.', '422.83', 2, '10.00', '2019-04-04 20:05:08', '2019-04-04 20:05:08');

-- --------------------------------------------------------

--
-- Table structure for table `reviews`
--

CREATE TABLE `reviews` (
  `id` bigint(20) UNSIGNED NOT NULL,
  `product_id` bigint(20) UNSIGNED NOT NULL,
  `customer` varchar(191) COLLATE utf8mb4_unicode_ci NOT NULL,
  `review` text COLLATE utf8mb4_unicode_ci NOT NULL,
  `star` int(11) NOT NULL,
  `created_at` timestamp NULL DEFAULT NULL,
  `updated_at` timestamp NULL DEFAULT NULL
) ENGINE=InnoDB DEFAULT CHARSET=utf8mb4 COLLATE=utf8mb4_unicode_ci;

--
-- Dumping data for table `reviews`
--

INSERT INTO `reviews` (`id`, `product_id`, `customer`, `review`, `star`, `created_at`, `updated_at`) VALUES
(1, 5, 'Ardith Adams', 'Rerum totam odio optio et. Alias qui ipsum et dolor quo. Numquam error ullam facilis recusandae. Placeat accusamus quae repellendus officiis porro.', 3, '2019-04-04 20:05:09', '2019-04-04 20:05:09'),
(2, 18, 'Houston Lemke', 'Neque ut officiis tempore tempore. Deleniti consectetur in cumque sit dignissimos enim maxime. Sint cum libero dignissimos beatae. Suscipit dolores laboriosam beatae aperiam id vero.', 0, '2019-04-04 20:05:09', '2019-04-04 20:05:09'),
(3, 29, 'Heber Adams', 'Incidunt rerum culpa cum ut rerum praesentium. Ea quos ut aspernatur qui repudiandae accusantium quidem. Eius amet tempora accusantium.', 4, '2019-04-04 20:05:09', '2019-04-04 20:05:09'),
(4, 35, 'Llewellyn Oberbrunner', 'Sed excepturi occaecati magnam aliquam nihil quo. Sequi aperiam et quibusdam officia dignissimos ipsa delectus unde. Rerum omnis consequatur nulla libero ducimus occaecati ex non.', 4, '2019-04-04 20:05:09', '2019-04-04 20:05:09'),
(5, 19, 'Prof. Sister Harris', 'Qui molestiae qui natus a commodi eius. Earum consequatur optio ut est dolores atque delectus. Vel similique pariatur facilis consequuntur exercitationem consectetur.', 0, '2019-04-04 20:05:09', '2019-04-04 20:05:09'),
(6, 26, 'Roberta Grimes', 'Perferendis ex occaecati officia tempora rem saepe dolore. In aperiam eos quo. Illum nisi inventore excepturi.', 4, '2019-04-04 20:05:09', '2019-04-04 20:05:09'),
(7, 45, 'Ola Nienow', 'Facilis mollitia deserunt eos qui in facere sunt blanditiis. Sit porro maiores et. Laborum beatae rem possimus et.', 5, '2019-04-04 20:05:09', '2019-04-04 20:05:09'),
(8, 14, 'Heather Kling', 'Voluptas quia aperiam ipsa sint fuga. Magnam dicta ut ea. Molestiae numquam et magni recusandae et quod. Sint et quasi eos beatae veniam.', 4, '2019-04-04 20:05:09', '2019-04-04 20:05:09'),
(9, 39, 'Hildegard Lowe', 'Voluptate accusantium doloremque iste rerum. Totam cupiditate est aut in. Blanditiis saepe deleniti ipsa. Aut libero et non quam nam doloremque qui.', 5, '2019-04-04 20:05:09', '2019-04-04 20:05:09'),
(10, 41, 'Jovanny Zieme', 'Magnam eveniet aut id. Est rerum voluptatem ea maxime perferendis dolorum. Ratione vitae non nam excepturi. Eos est inventore commodi. Veritatis aut in quisquam voluptatum adipisci autem est.', 5, '2019-04-04 20:05:09', '2019-04-04 20:05:09'),
(11, 3, 'Omer Hermiston', 'Officiis animi velit omnis iste culpa nihil et. Voluptates consequatur totam qui fugiat. Alias est aperiam possimus voluptates libero sequi.', 5, '2019-04-04 20:05:09', '2019-04-04 20:05:09'),
(12, 43, 'Ms. Ivy Carroll Jr.', 'Eius excepturi corrupti consequatur. Expedita atque et rem. Culpa placeat modi placeat expedita et consequuntur. A hic vel voluptatem sint et. Quisquam atque et dolores voluptatem unde consequatur voluptas.', 1, '2019-04-04 20:05:09', '2019-04-04 20:05:09'),
(13, 27, 'Giovanni Howell', 'Ratione non dicta accusantium quas. Fugiat blanditiis ab excepturi harum. Officiis cupiditate magni nam minus dolor. Architecto earum quidem culpa error unde.', 2, '2019-04-04 20:05:10', '2019-04-04 20:05:10'),
(14, 13, 'Mrs. Kaycee Spinka', 'Eaque optio enim a aut sint et cum. Ullam dolorem sed iure earum eaque maiores. Aut nihil provident minus molestiae et.', 2, '2019-04-04 20:05:10', '2019-04-04 20:05:10'),
(15, 1, 'George Bahringer', 'Culpa nostrum unde iure distinctio rerum soluta optio. Labore omnis fugiat pariatur voluptas. Qui est fuga voluptates ut sit asperiores.', 0, '2019-04-04 20:05:10', '2019-04-04 20:05:10'),
(16, 42, 'Prof. Misael Predovic II', 'Architecto et porro quia et occaecati hic. Nisi maxime molestias sit aut iste dolorum. Voluptatibus molestias incidunt magnam earum amet voluptas ut repellendus.', 2, '2019-04-04 20:05:10', '2019-04-04 20:05:10'),
(17, 30, 'Prof. Winona Kshlerin', 'Consectetur perferendis eligendi ex fugit et. Eveniet eum dolorem sit aut et et.', 1, '2019-04-04 20:05:10', '2019-04-04 20:05:10'),
(18, 47, 'Dr. Celestino Pacocha DDS', 'Eveniet doloribus pariatur ipsa tempore. Iste voluptatem quo amet laborum harum maxime. Repudiandae dignissimos quod harum soluta. Unde sint optio sed inventore molestiae atque nostrum enim.', 3, '2019-04-04 20:05:10', '2019-04-04 20:05:10'),
(19, 46, 'Jaron Shields', 'Repellendus in dolorem facilis harum dolor et. Ea voluptas aut officia non reprehenderit doloribus eos. Nulla nostrum nemo voluptatem ratione mollitia.', 3, '2019-04-04 20:05:10', '2019-04-04 20:05:10'),
(20, 29, 'Prof. Marvin Kessler', 'Excepturi et unde aut rerum. Consectetur et perferendis est. Tempora molestiae eum velit et enim dolorem accusantium. Est molestiae earum molestias ad. Delectus consectetur aut debitis enim deserunt illo ipsam.', 0, '2019-04-04 20:05:10', '2019-04-04 20:05:10'),
(21, 7, 'Llewellyn Renner', 'Quia omnis tempora voluptatem est. Placeat sint ab quia qui ut quasi rerum. Qui dignissimos nostrum saepe fugiat. Ut sunt dicta est.', 1, '2019-04-04 20:05:10', '2019-04-04 20:05:10'),
(22, 28, 'Brandy Steuber', 'Consequuntur necessitatibus eaque architecto est tenetur. Asperiores odio eligendi quia ipsum. Quia voluptas modi ea incidunt.', 4, '2019-04-04 20:05:10', '2019-04-04 20:05:10'),
(23, 6, 'Mrs. Noelia Kohler', 'Repellendus laudantium voluptatibus rerum iste. Autem sint aliquam reprehenderit minus tempore id. Labore cupiditate deserunt provident reprehenderit temporibus.', 1, '2019-04-04 20:05:10', '2019-04-04 20:05:10'),
(24, 17, 'Prof. Magnus O\'Conner', 'Ad et et amet temporibus. Sunt fugit non ipsam quos ab iusto blanditiis. Beatae sequi omnis non fuga et rem magnam consequatur. Minus voluptatem consequuntur doloribus unde et mollitia repellat.', 3, '2019-04-04 20:05:10', '2019-04-04 20:05:10'),
(25, 13, 'Mr. Alf McCullough', 'Deserunt impedit eos perspiciatis ab illum. Fuga illo explicabo adipisci illum consequatur. Rem fugiat eaque labore soluta. Ut qui rerum aut at itaque molestiae fuga.', 4, '2019-04-04 20:05:10', '2019-04-04 20:05:10'),
(26, 15, 'Miss Karen Waters', 'Natus architecto velit accusantium est. Rem in velit nihil consequatur maxime. Commodi debitis qui enim placeat. Dolorum aut ratione eaque voluptas nam. Sed fugiat et sit iste odit.', 1, '2019-04-04 20:05:10', '2019-04-04 20:05:10'),
(27, 13, 'Cade Bechtelar DDS', 'Dignissimos ut non minus. Culpa voluptas vel libero quia sint quia sed voluptatum. Cum repellendus alias sed soluta ut occaecati dignissimos optio.', 2, '2019-04-04 20:05:10', '2019-04-04 20:05:10'),
(28, 20, 'Mrs. Lexie Bartell', 'Dignissimos ullam iusto suscipit cumque eius dolorem. Asperiores ullam nesciunt et aspernatur amet. Sed quasi quisquam amet est.', 5, '2019-04-04 20:05:10', '2019-04-04 20:05:10'),
(29, 49, 'Jeanette Murazik', 'Ut repudiandae sit quo dolor laborum sequi. Asperiores eum est eos qui repellat et voluptatum deserunt. Sint suscipit non ut consequatur aspernatur at voluptatem. Minus reiciendis velit tempore et.', 4, '2019-04-04 20:05:10', '2019-04-04 20:05:10'),
(30, 2, 'Ms. Gladys Orn', 'Ut beatae non occaecati a. Ratione reiciendis possimus et ducimus. Impedit perferendis animi autem autem sapiente accusamus et.', 3, '2019-04-04 20:05:10', '2019-04-04 20:05:10'),
(31, 24, 'Emmy Beier PhD', 'Quam id dolor impedit omnis possimus. At nam excepturi sed voluptates voluptatibus asperiores. Aspernatur vitae exercitationem adipisci cumque voluptatum ea sunt. Saepe sit et explicabo officiis tempora.', 5, '2019-04-04 20:05:10', '2019-04-04 20:05:10'),
(32, 30, 'Dr. Charles Zemlak III', 'Sed odit non non nesciunt quae non itaque. Fugit reprehenderit molestiae rerum vel. Non maiores omnis eum quam nihil odio qui maiores.', 1, '2019-04-04 20:05:10', '2019-04-04 20:05:10'),
(33, 47, 'Mrs. Marcelle Durgan', 'Earum qui dicta aut magnam dolor recusandae. Ut odit rem recusandae alias dolorem. Facere architecto enim ullam non nisi consequatur sunt ratione. Fuga magni eos est aliquam voluptatum.', 3, '2019-04-04 20:05:10', '2019-04-04 20:05:10'),
(34, 10, 'Prof. Francesco Collier PhD', 'Vero quos nulla dolor nulla. Dolorem consequuntur alias est nemo fugit et. Ipsam id eum ut illo perferendis.', 0, '2019-04-04 20:05:10', '2019-04-04 20:05:10'),
(35, 20, 'Mr. Fritz Gaylord Jr.', 'Eum aut aut sunt tempore incidunt. Velit et sapiente est saepe placeat provident. Qui quis nihil repudiandae molestiae est. Quis cum eius exercitationem suscipit.', 4, '2019-04-04 20:05:10', '2019-04-04 20:05:10'),
(36, 16, 'Prof. Tad Vandervort', 'Vel fuga qui sunt cupiditate necessitatibus quo cumque. Distinctio ipsa cum sed sunt est excepturi facilis at. Sint qui maiores voluptatem delectus numquam repudiandae. Esse laboriosam ut non voluptate non.', 4, '2019-04-04 20:05:11', '2019-04-04 20:05:11'),
(37, 39, 'Bradly Spinka', 'Ipsam corporis dolore maiores quas eaque beatae voluptatum. Saepe et tempora laboriosam quo. Voluptates dicta ut ipsum. Quas ex ut quia similique perferendis voluptas libero porro.', 4, '2019-04-04 20:05:11', '2019-04-04 20:05:11'),
(38, 22, 'Connor Moen', 'Adipisci voluptatibus omnis temporibus possimus beatae. Sed sit hic placeat. Explicabo esse laboriosam non voluptatem nam dolores.', 5, '2019-04-04 20:05:11', '2019-04-04 20:05:11'),
(39, 43, 'Miss Marisa Wuckert', 'Mollitia qui animi recusandae dolorum enim sunt. Ab et praesentium at nihil. Quisquam est repudiandae mollitia consequatur voluptatem dolorem aut.', 1, '2019-04-04 20:05:11', '2019-04-04 20:05:11'),
(40, 21, 'Donavon Steuber DVM', 'Debitis sunt officiis id quod. Eligendi voluptatum voluptatibus porro voluptatem. Eos animi atque et explicabo voluptatem. Voluptas optio nisi laudantium corrupti explicabo corrupti.', 4, '2019-04-04 20:05:11', '2019-04-04 20:05:11'),
(41, 49, 'Nyah Dickens Sr.', 'Qui dolore repellendus beatae facere. Eius omnis delectus dolor suscipit delectus. Et sint deleniti esse corrupti. Aspernatur at molestiae aperiam quibusdam inventore in.', 2, '2019-04-04 20:05:11', '2019-04-04 20:05:11'),
(42, 21, 'Raymundo Moen', 'Voluptas consequatur sapiente enim voluptatem voluptatem deserunt. Placeat repudiandae alias corrupti minus dolorum voluptatem harum. Officiis modi corrupti nihil aut aut asperiores.', 5, '2019-04-04 20:05:12', '2019-04-04 20:05:12'),
(43, 8, 'Mr. Lamont Simonis', 'Numquam quasi maiores voluptas quasi deleniti repellat rem quidem. Dolor laudantium repudiandae natus dignissimos doloremque nemo numquam facilis. Consequuntur delectus debitis omnis sequi alias dicta.', 2, '2019-04-04 20:05:12', '2019-04-04 20:05:12'),
(44, 47, 'Prof. Darrell Bailey III', 'Et rem in qui quam. Molestias fugiat dicta laborum eius et ut illo dolor. Quis aut sequi libero beatae consequuntur asperiores.', 5, '2019-04-04 20:05:12', '2019-04-04 20:05:12'),
(45, 33, 'Guadalupe Purdy', 'Et beatae praesentium velit excepturi vitae aut. Temporibus dolor provident voluptatibus nobis aut qui beatae.', 1, '2019-04-04 20:05:12', '2019-04-04 20:05:12'),
(46, 37, 'Dylan Cartwright', 'Deserunt illum quas quasi est velit ex. Aut delectus voluptate ad repellendus quos. Beatae occaecati et optio quasi quos expedita dolores. Commodi qui libero debitis qui maxime praesentium praesentium.', 5, '2019-04-04 20:05:12', '2019-04-04 20:05:12'),
(47, 27, 'Dr. Nathanial Russel', 'Odio libero itaque natus voluptatem accusamus illo. Temporibus alias et eum deleniti a nobis non delectus. A perspiciatis aliquid sed voluptas aut aliquam quas. Velit corporis magnam aliquam ut.', 2, '2019-04-04 20:05:12', '2019-04-04 20:05:12'),
(48, 6, 'Hal Leffler', 'Et cumque et nihil consequatur quia eum. Est hic occaecati esse quo et est. Et unde architecto qui sapiente magnam dolor magni. Enim necessitatibus ipsum totam qui libero.', 2, '2019-04-04 20:05:12', '2019-04-04 20:05:12'),
(49, 7, 'Dr. Nasir O\'Reilly', 'Explicabo rerum voluptatem est quis dolore suscipit exercitationem. Suscipit praesentium sint ad sequi autem occaecati debitis. Laborum quos sit nostrum voluptatibus libero impedit ipsam.', 1, '2019-04-04 20:05:12', '2019-04-04 20:05:12'),
(50, 4, 'Dr. Christop Witting DDS', 'Et animi eius qui laborum exercitationem nihil voluptatum. Illo nulla laborum delectus non impedit voluptatem. Aut at sint mollitia et facilis.', 0, '2019-04-04 20:05:12', '2019-04-04 20:05:12'),
(51, 22, 'Amir Batz', 'Ut aut cum nostrum aspernatur pariatur maiores consequuntur. Reiciendis itaque doloremque necessitatibus ex.', 0, '2019-04-04 20:05:12', '2019-04-04 20:05:12'),
(52, 21, 'Theron Johnson', 'Non non eveniet soluta voluptas et. Laborum veniam dignissimos quam rerum sit. Nemo laudantium vel iste provident optio aspernatur.', 5, '2019-04-04 20:05:13', '2019-04-04 20:05:13'),
(53, 18, 'Syble Sauer', 'Iste esse magnam pariatur. Natus quis nostrum labore ipsam voluptatem minima sequi vitae. Est saepe saepe sint ut.', 5, '2019-04-04 20:05:13', '2019-04-04 20:05:13'),
(54, 1, 'Nikko Wunsch', 'Ullam iure occaecati facilis. Repellat omnis dolor similique ut ipsa unde et. Autem qui est reprehenderit qui quod odit molestiae.', 3, '2019-04-04 20:05:13', '2019-04-04 20:05:13'),
(55, 18, 'Sidney Dickens', 'Possimus maiores quam voluptatem et inventore quo aliquid. Iure et sit vel. Est laudantium a modi praesentium et voluptatibus. Quaerat numquam sunt architecto corrupti dolorem inventore quia recusandae.', 5, '2019-04-04 20:05:13', '2019-04-04 20:05:13'),
(56, 7, 'Mr. Chad Kulas', 'Sunt cumque qui tempora non eligendi eveniet aut et. Eum optio magnam aliquam voluptas eos. Dolor vel iste sit illo aut illum sed.', 0, '2019-04-04 20:05:13', '2019-04-04 20:05:13'),
(57, 23, 'Natalia Gerlach', 'Nemo nostrum ipsum facere omnis et qui. Eos magnam id placeat omnis possimus. Tempora non atque deleniti rerum atque iure. Iure quis commodi saepe sed.', 4, '2019-04-04 20:05:13', '2019-04-04 20:05:13'),
(58, 15, 'Mr. Chester Little', 'Quo rerum vel in autem dolores. Sed sunt voluptates maxime laborum voluptas fugiat ut. Placeat officiis qui debitis qui velit.', 4, '2019-04-04 20:05:13', '2019-04-04 20:05:13'),
(59, 30, 'Gabriel Farrell', 'Vero aliquid molestiae reiciendis sit rem molestiae voluptate. Tempore et voluptatem est rerum.', 4, '2019-04-04 20:05:13', '2019-04-04 20:05:13'),
(60, 40, 'Bart Pacocha', 'Recusandae quos architecto qui ea amet. Qui voluptas illum architecto nihil. Velit minus et possimus et optio quibusdam.', 5, '2019-04-04 20:05:13', '2019-04-04 20:05:13'),
(61, 30, 'Mossie Schaden', 'Dolorem ut nam omnis quibusdam officiis. Eaque harum ea tempore qui. Enim soluta velit excepturi cumque distinctio molestias harum.', 5, '2019-04-04 20:05:13', '2019-04-04 20:05:13'),
(62, 19, 'Prof. Beryl Kuvalis', 'Qui illo et aut nemo enim sunt. Nesciunt ullam nobis ipsam est omnis et illum. In exercitationem expedita similique veritatis consectetur. Et sit error illo placeat iste perspiciatis.', 5, '2019-04-04 20:05:13', '2019-04-04 20:05:13'),
(63, 4, 'Jerrold Kirlin', 'Autem totam doloribus et ullam odio adipisci odio. Rerum assumenda quibusdam sed inventore molestiae labore ipsum.', 3, '2019-04-04 20:05:13', '2019-04-04 20:05:13'),
(64, 36, 'Tyrel Nienow', 'Qui vitae doloremque non dignissimos dolorum consectetur. Doloribus sint et officia harum suscipit praesentium. Doloribus dignissimos amet dignissimos qui eos officia aperiam. Praesentium sed eum commodi soluta ut unde.', 3, '2019-04-04 20:05:13', '2019-04-04 20:05:13'),
(65, 30, 'Fred Ullrich', 'Est aperiam et ut vel nihil aperiam eum. Velit animi consequuntur explicabo vero qui. Consequuntur delectus ex consequuntur sunt.', 4, '2019-04-04 20:05:13', '2019-04-04 20:05:13'),
(66, 8, 'Ezequiel Hayes III', 'Error provident et deleniti voluptates. Quam tempora facere rem voluptatem. Qui ut facere et reprehenderit labore qui sed consequatur.', 2, '2019-04-04 20:05:13', '2019-04-04 20:05:13'),
(67, 41, 'Miles Donnelly', 'Impedit officiis assumenda aut similique nisi. Sunt quae voluptatem quasi aut et sint. Eos autem iure iure quibusdam iusto. Dolorem nesciunt rem eius reiciendis quia. Qui vitae est blanditiis libero inventore quisquam culpa quisquam.', 4, '2019-04-04 20:05:13', '2019-04-04 20:05:13'),
(68, 15, 'Myrtis Reichel', 'Quia animi voluptas veritatis optio vitae doloribus recusandae. Et veniam voluptas fugiat voluptatibus. Corporis blanditiis repudiandae eum ad. Magnam ipsam aperiam accusantium et consequatur velit pariatur.', 3, '2019-04-04 20:05:13', '2019-04-04 20:05:13'),
(69, 38, 'Leonie Cruickshank', 'Praesentium provident adipisci veniam quo eligendi odit. Sint blanditiis perferendis incidunt rerum. Et expedita autem accusamus sit.', 3, '2019-04-04 20:05:13', '2019-04-04 20:05:13'),
(70, 32, 'Obie Mertz I', 'Id qui minus ut. Officia quidem molestias optio laboriosam odio voluptatem enim. Quos blanditiis est est porro qui dolor. Esse et sint nostrum molestiae ex. Cumque odio sint sapiente dolore velit.', 1, '2019-04-04 20:05:13', '2019-04-04 20:05:13'),
(71, 8, 'Hal Ernser', 'Excepturi alias voluptas beatae eaque dicta qui ab qui. Temporibus et occaecati facilis a voluptatum magnam consequuntur. Aspernatur recusandae nihil neque unde asperiores qui. Velit reiciendis sunt dolorem enim asperiores nihil adipisci. Est eius repellat voluptas et cumque.', 4, '2019-04-04 20:05:13', '2019-04-04 20:05:13'),
(72, 30, 'Ms. Jakayla Ebert IV', 'Aliquid nam qui accusamus aliquam non quia. Est voluptatibus in ut quia corporis quas possimus. Praesentium ut quo dolores fugiat consectetur facere. Temporibus quis accusantium qui labore.', 5, '2019-04-04 20:05:14', '2019-04-04 20:05:14'),
(73, 14, 'Sidney Corwin', 'Ut ullam animi rem aut. Odit laudantium velit quaerat similique voluptatem natus maiores. Itaque et consequatur doloribus illum velit quia. Vel suscipit ut praesentium. Ut dolores dolorem dolores perspiciatis tempore qui.', 4, '2019-04-04 20:05:14', '2019-04-04 20:05:14'),
(74, 48, 'Jakob Runolfsson', 'Ut adipisci sunt qui aut aut. Minima dolor eveniet odit laborum aut. Omnis consequatur tempora magni et commodi. Omnis vero asperiores veniam voluptas vel maxime.', 5, '2019-04-04 20:05:14', '2019-04-04 20:05:14'),
(75, 6, 'Oma Wuckert', 'Ea est alias id est qui sed nesciunt. Voluptas beatae non voluptas ut voluptatem. Recusandae repellat ex est sunt molestiae aliquid delectus. Enim ut quia harum aut.', 3, '2019-04-04 20:05:14', '2019-04-04 20:05:14'),
(76, 39, 'Sarina Torphy', 'Dolor aperiam rerum voluptatem dicta quas eos. Itaque omnis in ea. Autem hic sapiente accusamus magni nemo. Alias numquam eos iure maiores corporis ratione.', 4, '2019-04-04 20:05:14', '2019-04-04 20:05:14'),
(77, 19, 'Shaina Jenkins', 'Quisquam ab neque laboriosam quaerat commodi. Et deleniti aut adipisci delectus vel facilis. Ex quo optio corporis expedita optio quo dolorem. Est omnis ullam illo dolores quo. Molestias est eius quia repellendus nihil unde.', 3, '2019-04-04 20:05:14', '2019-04-04 20:05:14'),
(78, 20, 'Prof. Tyson Leuschke I', 'Earum distinctio est facere hic. Qui nisi optio saepe animi.', 2, '2019-04-04 20:05:14', '2019-04-04 20:05:14'),
(79, 29, 'Austyn Davis', 'Voluptate alias ullam aliquid id ad. Sed officia libero recusandae quia. Voluptatem voluptas quis ut et id et.', 2, '2019-04-04 20:05:14', '2019-04-04 20:05:14'),
(80, 50, 'Jackson Abernathy', 'Beatae minus et accusantium eos iusto et. Non voluptatem excepturi quibusdam recusandae ad facere voluptas. Quisquam ut sequi provident autem nihil ut assumenda. Sint quia aperiam rerum esse quidem laudantium ut.', 3, '2019-04-04 20:05:14', '2019-04-04 20:05:14'),
(81, 41, 'Davin Rice', 'Sit labore nam qui dignissimos consequatur fugit. Exercitationem molestiae qui consectetur voluptas. Adipisci qui et perspiciatis rerum quisquam non doloribus et.', 3, '2019-04-04 20:05:14', '2019-04-04 20:05:14'),
(82, 29, 'Trudie Vandervort', 'Error doloribus voluptatem non ea asperiores et tempora ut. Voluptatem tenetur vel voluptate sit est. Velit assumenda et fuga.', 3, '2019-04-04 20:05:14', '2019-04-04 20:05:14'),
(83, 46, 'Emelie Osinski', 'Non suscipit dolore id totam blanditiis eius. Voluptatum dolorem officia cumque labore ducimus aut. Incidunt a rerum rerum consequatur. Similique voluptatem voluptates animi ullam maxime sint aut qui. Dolorum praesentium placeat voluptas fuga.', 2, '2019-04-04 20:05:14', '2019-04-04 20:05:14'),
(84, 8, 'Ronny Streich', 'Id velit corporis qui cumque eos deserunt. Corrupti nesciunt sit non qui quae velit non.', 4, '2019-04-04 20:05:14', '2019-04-04 20:05:14'),
(85, 34, 'Finn Gulgowski', 'Molestias harum molestiae rerum possimus iusto. Itaque est mollitia praesentium facilis et repellendus veritatis qui. Adipisci ut quia autem voluptatem. Officiis temporibus et fuga dolores dignissimos. Saepe maiores ex odio quia aspernatur nesciunt et.', 0, '2019-04-04 20:05:14', '2019-04-04 20:05:14'),
(86, 33, 'Dr. Milo Conn', 'Sed id ipsam est. Aut qui libero tempore veritatis.', 3, '2019-04-04 20:05:14', '2019-04-04 20:05:14'),
(87, 3, 'Maybelle Walker', 'Blanditiis voluptate ut neque non amet est. Facere quia qui soluta velit ea suscipit. Ratione eveniet expedita ex unde. Dolor tempore dolorum ipsum quae illo culpa sit.', 2, '2019-04-04 20:05:14', '2019-04-04 20:05:14'),
(88, 28, 'Daphney Rogahn', 'Quasi mollitia quae harum architecto et laboriosam assumenda qui. Culpa id in dolorem. Explicabo qui qui quo et eum numquam quaerat. Ut culpa aliquam voluptatibus.', 3, '2019-04-04 20:05:14', '2019-04-04 20:05:14'),
(89, 49, 'Cornell Marks', 'Ea excepturi quod quis alias non laborum nobis. Et voluptatem error voluptas reiciendis facilis maxime ab. Ea nostrum excepturi et delectus. Nisi sed temporibus est repellendus.', 2, '2019-04-04 20:05:14', '2019-04-04 20:05:14'),
(90, 8, 'Shaniya Smitham Jr.', 'Soluta soluta quia aut aut. Et voluptatem molestiae ea sequi magni eos quaerat sed. Deserunt doloribus molestiae ducimus et enim voluptatibus facere aperiam.', 2, '2019-04-04 20:05:14', '2019-04-04 20:05:14'),
(91, 17, 'Carolyn Larkin III', 'Soluta nam quidem consequuntur sint quia beatae eos. Et sint quas veritatis voluptate debitis officia. Cupiditate explicabo optio voluptas rerum illum ut in. Doloremque modi est reprehenderit omnis cumque neque.', 2, '2019-04-04 20:05:15', '2019-04-04 20:05:15'),
(92, 11, 'Vida Mueller Sr.', 'Et eveniet asperiores repudiandae voluptate enim quis. Nisi unde repellendus facere explicabo iste aut cupiditate. Illum a quam provident autem. Rem quisquam sequi ut suscipit sint ullam minima.', 4, '2019-04-04 20:05:15', '2019-04-04 20:05:15'),
(93, 31, 'Prof. Caleb Lebsack V', 'Architecto non saepe numquam sunt et ea numquam. Dicta autem est unde et. Possimus magni harum consequatur tenetur vel voluptas.', 0, '2019-04-04 20:05:15', '2019-04-04 20:05:15'),
(94, 47, 'Prof. Paris Grimes', 'Consequatur et iure dicta earum. Officiis nesciunt quisquam tempora. Et et et beatae veritatis eum est. A et neque ipsa eius.', 4, '2019-04-04 20:05:15', '2019-04-04 20:05:15'),
(95, 14, 'Sydnee Blanda III', 'Velit ullam et asperiores molestiae placeat. Quod iusto consequatur officiis eligendi sunt excepturi mollitia exercitationem. Est eveniet id laboriosam aut. Dolore totam voluptas et et.', 0, '2019-04-04 20:05:15', '2019-04-04 20:05:15'),
(96, 49, 'Barrett Franecki V', 'Expedita et vel repellendus cum ullam quas sunt qui. Eos dolorem adipisci voluptatem iste. Repudiandae quaerat sit sed neque tempore qui quia repellat.', 5, '2019-04-04 20:05:15', '2019-04-04 20:05:15'),
(97, 44, 'Mr. Ernest Heathcote DVM', 'Dignissimos autem et et sit delectus rerum. Magnam consectetur et est recusandae. Nam quod quaerat et consequatur et. Sint omnis voluptatem id.', 4, '2019-04-04 20:05:15', '2019-04-04 20:05:15'),
(98, 16, 'Gino Leuschke', 'Qui sed dolorem velit error sit ipsa delectus. Expedita blanditiis sit deleniti neque. Harum labore voluptates at excepturi.', 4, '2019-04-04 20:05:15', '2019-04-04 20:05:15'),
(99, 43, 'Allen Hickle', 'Aut labore nostrum ut nesciunt. Ullam quibusdam iure corporis quae est natus commodi. Non quaerat alias rerum et repellat odio. Omnis sapiente ullam adipisci velit.', 3, '2019-04-04 20:05:15', '2019-04-04 20:05:15'),
(100, 21, 'Dr. Raven Schowalter DVM', 'Voluptates quis aperiam aut quibusdam quod possimus culpa laborum. Quia exercitationem aliquam at et facilis aspernatur possimus architecto. Animi incidunt doloremque nihil molestiae necessitatibus modi magnam maiores.', 5, '2019-04-04 20:05:15', '2019-04-04 20:05:15'),
(101, 3, 'Robyn Borer MD', 'Vel et quia beatae autem minima quibusdam quae explicabo. Qui facere officia aut. A est expedita aspernatur pariatur.', 2, '2019-04-04 20:05:15', '2019-04-04 20:05:15'),
(102, 16, 'Winnifred Goldner', 'Quae cumque similique quas est. Itaque non mollitia dolores velit sint non culpa. Possimus et aut dolor perferendis quos.', 1, '2019-04-04 20:05:15', '2019-04-04 20:05:15'),
(103, 4, 'Marie Kihn', 'Fugit voluptatem perferendis qui sunt sit at eligendi. Vel tenetur in voluptas dolorem rerum voluptatem voluptas. Et ad nostrum officiis ipsum suscipit quisquam. Voluptates et voluptatem debitis sint.', 1, '2019-04-04 20:05:15', '2019-04-04 20:05:15'),
(104, 3, 'Miss June O\'Keefe', 'Veritatis voluptatem dignissimos esse dolor repudiandae autem blanditiis. At voluptas minima mollitia. Ut minima labore numquam molestias quo. Et laboriosam et et. Accusamus est officiis maiores nam sint non ratione consectetur.', 3, '2019-04-04 20:05:15', '2019-04-04 20:05:15'),
(105, 27, 'Miss Helga Durgan', 'Accusamus asperiores voluptatem rerum nemo necessitatibus et aut. Praesentium sit ea hic non. Voluptatem ea ipsa perspiciatis dolores rerum veritatis doloribus enim. Perferendis porro quis ea illo.', 0, '2019-04-04 20:05:15', '2019-04-04 20:05:15'),
(106, 45, 'Sean Moore', 'Praesentium doloribus possimus voluptas qui tempora quidem. Repellendus sit aut suscipit molestias omnis quae ea. Molestiae consectetur at vitae reprehenderit molestiae praesentium a.', 4, '2019-04-04 20:05:15', '2019-04-04 20:05:15'),
(107, 19, 'Zaria Dibbert', 'Pariatur voluptatem odit dolorem atque in. Cum dolorem occaecati qui voluptatem eaque quod. Eos suscipit et quia eius asperiores laudantium. Iusto consequatur hic sit aut dolor sit libero.', 5, '2019-04-04 20:05:15', '2019-04-04 20:05:15'),
(108, 50, 'Brown Mertz IV', 'Totam voluptatem hic et dolorum corrupti distinctio. Repellat omnis vitae vel impedit architecto et. Id velit quia fugit autem. Eligendi omnis nesciunt nobis. Consequatur qui quas minus molestiae et voluptates vel.', 3, '2019-04-04 20:05:15', '2019-04-04 20:05:15'),
(109, 5, 'Annetta Swaniawski Jr.', 'Et qui quo dolores. Quis dolor ea soluta amet nesciunt at est.', 4, '2019-04-04 20:05:15', '2019-04-04 20:05:15'),
(110, 31, 'Miss Treva Berge IV', 'Minima quo autem laudantium omnis iure illum quas delectus. Exercitationem eos sint maxime quisquam quo. Alias incidunt non dolorem harum rerum earum.', 0, '2019-04-04 20:05:15', '2019-04-04 20:05:15'),
(111, 35, 'Mariam Corwin', 'Voluptatum expedita tempore laudantium quaerat aliquid non aut. Sed illo in blanditiis rem ut sunt praesentium. Ducimus id nam molestias animi ducimus.', 0, '2019-04-04 20:05:15', '2019-04-04 20:05:15'),
(112, 1, 'Ms. Amya Bednar', 'Quo voluptatibus tempore harum provident id expedita sit repudiandae. Quibusdam repellat similique deleniti eos. Rerum dolorum et et quasi numquam commodi illum. Ducimus dolorum natus nulla et.', 1, '2019-04-04 20:05:16', '2019-04-04 20:05:16'),
(113, 6, 'Louie Corwin', 'Non quos aut sed vel. Tenetur molestiae soluta debitis ipsam. Velit earum expedita alias. Quia repellendus ipsam temporibus non hic voluptatem.', 4, '2019-04-04 20:05:16', '2019-04-04 20:05:16'),
(114, 45, 'Louisa Wintheiser', 'Impedit ullam magnam quia ad quis reiciendis odio. Sint corporis ut ea quam. Soluta facere velit nemo voluptatem nisi. Veritatis quae fugit ratione neque sed eius non ullam.', 2, '2019-04-04 20:05:16', '2019-04-04 20:05:16'),
(115, 22, 'Dr. Daron Thiel IV', 'Explicabo nisi dicta et assumenda et quaerat. Exercitationem sint tempora praesentium et sit officiis. Quo blanditiis quia corrupti tempora. Odit explicabo hic doloremque animi omnis dicta quo velit.', 2, '2019-04-04 20:05:16', '2019-04-04 20:05:16'),
(116, 5, 'Amparo Harvey', 'Et ex ut incidunt qui error odit est consequatur. Et non soluta accusamus in eos illo sed. Corporis dolorem maxime est nihil rerum in. Quas qui dolor ullam ratione.', 4, '2019-04-04 20:05:16', '2019-04-04 20:05:16'),
(117, 9, 'Alyce Ferry', 'Totam enim dolorem nesciunt fuga illo ipsa. Et et earum maxime beatae nesciunt est. Ad nulla et officia deserunt hic reiciendis sunt.', 0, '2019-04-04 20:05:16', '2019-04-04 20:05:16'),
(118, 1, 'Sabina Weber', 'Ea quo et excepturi consequatur vel. Id laboriosam maxime nihil beatae et voluptatibus quia dolore. Dignissimos necessitatibus autem similique occaecati molestiae.', 5, '2019-04-04 20:05:16', '2019-04-04 20:05:16'),
(119, 44, 'Daron Mante', 'Occaecati mollitia qui odio et et tenetur. Consectetur sunt earum hic eligendi enim sunt. Voluptatem sed iure est facere. Sapiente aut dignissimos perferendis inventore animi eum id.', 1, '2019-04-04 20:05:16', '2019-04-04 20:05:16'),
(120, 5, 'Frederic Kilback', 'Repellendus quis ut est necessitatibus unde quisquam nemo iure. Corrupti soluta velit perferendis sint laboriosam vel dolores. Distinctio quaerat deserunt esse id.', 4, '2019-04-04 20:05:16', '2019-04-04 20:05:16'),
(121, 46, 'Ms. Jenifer Hand', 'Enim consequatur totam corrupti excepturi ex harum. Rem facere ullam perferendis sit. Occaecati similique ad placeat eos sunt cum in.', 1, '2019-04-04 20:05:16', '2019-04-04 20:05:16'),
(122, 28, 'Marion Larkin', 'Laborum rerum consequuntur quo quo sed. Et rerum dolor cum consequatur libero minus non. Vel doloribus et consequatur quidem ut. Perspiciatis enim possimus aut mollitia.', 4, '2019-04-04 20:05:16', '2019-04-04 20:05:16'),
(123, 13, 'Alberto Volkman', 'Laboriosam architecto iste rerum deleniti iusto. Sequi labore rerum et placeat ipsam dicta non. Officiis temporibus sit ad vero.', 5, '2019-04-04 20:05:16', '2019-04-04 20:05:16'),
(124, 46, 'Raina Prohaska', 'Omnis at est quasi repellat sequi sint accusamus. Aut in saepe consequuntur debitis quidem inventore. Expedita eos adipisci aliquid neque libero aut et voluptates.', 0, '2019-04-04 20:05:16', '2019-04-04 20:05:16'),
(125, 30, 'Bobbie Kshlerin', 'Et amet nisi similique excepturi laudantium. Reiciendis eos recusandae quia. Beatae et vel ducimus distinctio velit rem. Fuga doloremque sit ipsum asperiores consequatur qui iste.', 0, '2019-04-04 20:05:16', '2019-04-04 20:05:16'),
(126, 42, 'Tyra Runte', 'Nisi sit commodi eligendi sit fuga aut. Nisi maxime voluptatum quo reprehenderit qui. Ut beatae at possimus et.', 1, '2019-04-04 20:05:16', '2019-04-04 20:05:16'),
(127, 44, 'Andres Vandervort', 'Assumenda voluptatum omnis omnis necessitatibus praesentium. Exercitationem illo enim et quis explicabo. Ab sit sed minus qui omnis odit. Necessitatibus dolorum officia aut aut et incidunt sed.', 2, '2019-04-04 20:05:16', '2019-04-04 20:05:16'),
(128, 28, 'Yesenia Kling', 'Porro porro molestiae quos quaerat. Dolorem necessitatibus amet corrupti. Dolore magni facilis quia laboriosam repudiandae enim rem quis.', 5, '2019-04-04 20:05:16', '2019-04-04 20:05:16'),
(129, 3, 'Laurence Harber', 'Laborum expedita necessitatibus quia et. Quas magnam soluta consequatur accusantium praesentium. Debitis alias aliquid et omnis ut praesentium et rerum.', 4, '2019-04-04 20:05:16', '2019-04-04 20:05:16'),
(130, 15, 'Shanon Mosciski', 'Odit praesentium quia dolorem mollitia quis est enim. Quos placeat voluptatem illo fugit natus neque eos est. Eaque deserunt voluptatem sunt.', 0, '2019-04-04 20:05:16', '2019-04-04 20:05:16'),
(131, 4, 'Rosie Smith', 'Consequatur molestiae maxime natus illo. Voluptas reprehenderit veniam atque. Aut non officia recusandae amet omnis.', 4, '2019-04-04 20:05:16', '2019-04-04 20:05:16'),
(132, 7, 'Annabelle Hodkiewicz', 'Ea laboriosam ut esse ratione tempora cum in perspiciatis. Sunt rem quia amet adipisci quas quo autem. Enim dolor nam quam odio.', 5, '2019-04-04 20:05:17', '2019-04-04 20:05:17'),
(133, 48, 'Mr. Dejon Crist', 'Nihil eos qui eos similique tenetur nihil dignissimos. Sed et nemo voluptatem sit possimus deserunt consequatur. Animi in doloremque voluptatem.', 2, '2019-04-04 20:05:17', '2019-04-04 20:05:17'),
(134, 24, 'Bianka Rau', 'Sapiente illum exercitationem sapiente rem odio non vel. Voluptate consectetur non optio et repudiandae. Sed nobis et qui dolores et ipsam.', 4, '2019-04-04 20:05:17', '2019-04-04 20:05:17'),
(135, 49, 'Lydia Schimmel Sr.', 'Alias voluptates delectus aut. Recusandae eveniet omnis et vitae ut assumenda omnis.', 1, '2019-04-04 20:05:17', '2019-04-04 20:05:17'),
(136, 21, 'Eldridge Bradtke', 'Aliquam quaerat repudiandae quo nesciunt. Reiciendis ut assumenda provident.', 1, '2019-04-04 20:05:17', '2019-04-04 20:05:17'),
(137, 47, 'Jerome Mohr', 'Eveniet aperiam voluptas nihil. Sunt et officia velit. Ut rerum est in qui.', 0, '2019-04-04 20:05:17', '2019-04-04 20:05:17'),
(138, 44, 'Barry Kris', 'Doloribus voluptatibus alias aut quasi quia. Exercitationem iste at qui nemo eos. Dolorem saepe accusamus iusto qui perferendis voluptate molestiae.', 1, '2019-04-04 20:05:17', '2019-04-04 20:05:17'),
(139, 25, 'Sydnie Senger', 'Doloribus recusandae repudiandae dolorem optio delectus. Quis voluptates quibusdam velit. Quia ea quis sint dolor et voluptatem.', 1, '2019-04-04 20:05:17', '2019-04-04 20:05:17'),
(140, 50, 'Dr. Clair Beer', 'Rerum facere occaecati non necessitatibus doloribus maiores autem et. Aperiam id esse explicabo eos eius. Nihil voluptatem reiciendis minima porro aut qui est et. Ut quia illum aspernatur accusamus fuga.', 4, '2019-04-04 20:05:17', '2019-04-04 20:05:17'),
(141, 25, 'Amalia Baumbach', 'Sit molestias dolorem aspernatur aut totam aut similique. Corrupti tenetur doloribus hic laborum repudiandae deleniti sit. Asperiores repudiandae fugit et.', 4, '2019-04-04 20:05:17', '2019-04-04 20:05:17'),
(142, 41, 'Virginia Kuhn', 'Repellat culpa aut et corrupti. Rerum eius asperiores eligendi minima et. Consequuntur sit vel sint quo nobis. Omnis adipisci optio vero facilis aperiam doloremque.', 0, '2019-04-04 20:05:17', '2019-04-04 20:05:17'),
(143, 16, 'Jaylan Orn', 'Animi et vero quis voluptatem distinctio facilis provident. Aperiam sint nemo quo esse qui aut. Ipsum asperiores qui sed veritatis numquam.', 0, '2019-04-04 20:05:17', '2019-04-04 20:05:17'),
(144, 6, 'Rozella Cormier', 'Laborum non non voluptatibus aperiam vero aut rerum. Ipsum illum itaque occaecati in illo inventore. Ad nam quibusdam vel pariatur.', 5, '2019-04-04 20:05:17', '2019-04-04 20:05:17'),
(145, 30, 'Ola Schmidt', 'Ea animi non placeat beatae blanditiis. Fugiat omnis molestias culpa a. Adipisci molestiae dolore asperiores quis laborum expedita ipsum eligendi. Et veniam voluptatem voluptates quaerat dolores.', 3, '2019-04-04 20:05:17', '2019-04-04 20:05:17'),
(146, 17, 'Prof. Jayson Lebsack Jr.', 'Quibusdam fugiat tempora amet deleniti doloremque dolores totam officia. Et fugit quae nulla aut aut id quis. Quos ducimus saepe alias sint soluta.', 0, '2019-04-04 20:05:17', '2019-04-04 20:05:17'),
(147, 27, 'Dr. Travis Ratke', 'Dolor veritatis quod neque qui. Quasi deserunt itaque nesciunt neque accusamus. Dignissimos at ut facilis provident voluptatem.', 3, '2019-04-04 20:05:17', '2019-04-04 20:05:17'),
(148, 31, 'Kane Nolan', 'Est ad nihil similique praesentium aut. Laudantium commodi maiores recusandae et blanditiis. Quo enim eos voluptatibus voluptates qui qui sed. Consequatur eum vel et.', 3, '2019-04-04 20:05:17', '2019-04-04 20:05:17'),
(149, 21, 'Quentin Ebert', 'Ullam voluptatibus similique sit cupiditate. Qui eum aut officiis quo ullam facilis. Autem qui voluptas aliquam doloremque qui autem sed. Tempora blanditiis vel accusamus expedita voluptatem.', 3, '2019-04-04 20:05:17', '2019-04-04 20:05:17'),
(150, 30, 'Loraine Hayes III', 'Dolores dignissimos tenetur id in ut nulla a. Cumque id repellendus quos quae. Ratione qui nesciunt neque illo qui dolore sunt.', 5, '2019-04-04 20:05:17', '2019-04-04 20:05:17'),
(151, 31, 'Zula Ledner', 'Commodi officia expedita voluptatem temporibus. Et voluptatem quia sint. Consectetur ab consectetur beatae et iure veniam assumenda.', 3, '2019-04-04 20:05:17', '2019-04-04 20:05:17'),
(152, 15, 'Brielle Stanton PhD', 'Possimus aut aut aut voluptas consequatur occaecati iste. Illo voluptatum asperiores cupiditate ut numquam eos et. Non et nobis repudiandae incidunt ut sapiente.', 3, '2019-04-04 20:05:17', '2019-04-04 20:05:17'),
(153, 25, 'Lilliana Jones', 'Dolor quia ratione veritatis minima commodi fuga sit. Et perspiciatis fugit repellat. Voluptas voluptatem nostrum est nobis veniam voluptatem facere beatae.', 2, '2019-04-04 20:05:18', '2019-04-04 20:05:18'),
(154, 22, 'Sanford Klocko', 'Autem occaecati aut dolores eaque iusto omnis sit. Sit ex et et temporibus veritatis. At sint consequatur laboriosam sint nulla dolorum. Cumque laboriosam cum facilis.', 5, '2019-04-04 20:05:18', '2019-04-04 20:05:18'),
(155, 41, 'River Carter V', 'Incidunt velit suscipit quia ea. Quos minima ullam architecto nihil quas nobis adipisci. Aut dignissimos cum nostrum maiores incidunt aut. Neque est architecto sit incidunt aut asperiores aut.', 1, '2019-04-04 20:05:18', '2019-04-04 20:05:18'),
(156, 49, 'Miss Yasmine Ward', 'Est deleniti id alias temporibus. Sunt quam cupiditate quas ut veniam rerum illo.', 0, '2019-04-04 20:05:18', '2019-04-04 20:05:18'),
(157, 39, 'Xavier Veum', 'Voluptatem sint natus quas similique modi exercitationem et ipsum. Repudiandae animi tempora rem et ut a.', 3, '2019-04-04 20:05:18', '2019-04-04 20:05:18'),
(158, 3, 'Blake Emard', 'Esse libero quia dolor voluptate tenetur. Ut asperiores ut tenetur quasi veniam. Suscipit debitis dignissimos culpa.', 4, '2019-04-04 20:05:18', '2019-04-04 20:05:18'),
(159, 6, 'Harold Rippin', 'Animi libero quia tenetur eos rerum cupiditate in. Non sed iure fugit voluptas officia dignissimos. Harum sit sunt ut expedita qui amet perspiciatis. Ipsam ad tempore enim itaque esse.', 2, '2019-04-04 20:05:18', '2019-04-04 20:05:18'),
(160, 15, 'Nathanial Douglas IV', 'Sed a et maiores adipisci ab iusto. Repudiandae accusamus ea corrupti non consectetur. Cupiditate quia et architecto quia. Et sed minus dolore ipsum.', 5, '2019-04-04 20:05:18', '2019-04-04 20:05:18'),
(161, 3, 'Ethyl Abbott', 'Distinctio sit atque nihil optio. Ratione saepe consequatur voluptatem consequatur. Quasi consequatur alias architecto beatae ut.', 3, '2019-04-04 20:05:18', '2019-04-04 20:05:18'),
(162, 40, 'Hazel Stracke DVM', 'Ex eum quia nam nihil ut consequuntur. Quo explicabo amet dolores reiciendis numquam eius minima similique. Culpa harum tenetur quae necessitatibus itaque quasi est vitae.', 3, '2019-04-04 20:05:18', '2019-04-04 20:05:18'),
(163, 33, 'Kameron Rohan', 'Consequatur nulla dolorem non vel aliquid sed. Dolorem quia aut impedit ut est ut architecto eaque. Voluptatem ut cum veritatis earum quo accusantium est explicabo. Eligendi eveniet repudiandae eveniet facere sed qui.', 2, '2019-04-04 20:05:18', '2019-04-04 20:05:18'),
(164, 36, 'Mabel Mann', 'Et est facilis exercitationem et molestiae voluptates sed autem. Sed quae similique officiis molestias explicabo veniam aut. Laudantium ex earum ut iure. Rem porro deleniti inventore adipisci.', 5, '2019-04-04 20:05:18', '2019-04-04 20:05:18'),
(165, 40, 'Alexander Crona', 'Et fugiat consectetur velit similique voluptates. Nulla consequatur vitae veritatis et nostrum. Non eius vel quo est harum impedit.', 0, '2019-04-04 20:05:18', '2019-04-04 20:05:18'),
(166, 44, 'Germaine Batz', 'Esse consequatur asperiores libero magni harum dolor excepturi facilis. Eos eaque atque temporibus molestias eum. Qui esse mollitia culpa commodi voluptatem consectetur sunt fuga.', 3, '2019-04-04 20:05:18', '2019-04-04 20:05:18'),
(167, 19, 'Vivien Ryan', 'Et rerum ex qui dolorem est voluptatem incidunt. Laudantium nemo magnam est quisquam. Eum maiores non necessitatibus praesentium dicta magni dolorem. Amet voluptatem facilis odio ab veniam.', 4, '2019-04-04 20:05:18', '2019-04-04 20:05:18'),
(168, 27, 'Dr. Geo Herman', 'Aut omnis sed asperiores ipsum officia et. Qui eaque et et. Veritatis id quo omnis aliquam. Non at voluptates beatae necessitatibus alias.', 0, '2019-04-04 20:05:18', '2019-04-04 20:05:18'),
(169, 40, 'Prof. Dallas Kemmer', 'Temporibus optio aut culpa et quasi voluptatibus qui qui. Sapiente et necessitatibus repellat ut unde. Nemo minima deserunt minus et soluta atque.', 3, '2019-04-04 20:05:18', '2019-04-04 20:05:18'),
(170, 1, 'Jamel Wolf', 'Reprehenderit magni minima illum non voluptatem sit. Qui soluta dolores aliquam ut odio. Aliquid voluptatum sed et itaque.', 4, '2019-04-04 20:05:18', '2019-04-04 20:05:18'),
(171, 22, 'Dannie Dare', 'Inventore distinctio dolorum est enim numquam placeat suscipit at. Incidunt cum sunt nemo distinctio sed quo.', 1, '2019-04-04 20:05:18', '2019-04-04 20:05:18'),
(172, 23, 'Demarco Fahey', 'Et doloremque illum iusto error. Sunt numquam pariatur amet nobis et. In suscipit itaque possimus qui animi. Vel et atque laboriosam animi ea omnis aut.', 2, '2019-04-04 20:05:18', '2019-04-04 20:05:18'),
(173, 1, 'Dr. Guido O\'Connell Sr.', 'Qui quaerat magnam quia repellendus. Distinctio voluptatibus necessitatibus odio quas. Enim deleniti nulla ratione sit. Atque voluptas aut odio alias adipisci. Corrupti sequi ea est.', 1, '2019-04-04 20:05:18', '2019-04-04 20:05:18'),
(174, 5, 'Florida Hayes', 'Fuga at recusandae omnis natus et eaque occaecati quaerat. Debitis minus aut hic consequuntur. Culpa et velit voluptas harum.', 2, '2019-04-04 20:05:18', '2019-04-04 20:05:18'),
(175, 34, 'Tyree Christiansen', 'Necessitatibus dolores perspiciatis et aut incidunt. Officia amet autem id omnis velit. Libero dolor rerum ratione et voluptatem. Dignissimos rem ut eum quo nam sed.', 2, '2019-04-04 20:05:19', '2019-04-04 20:05:19'),
(176, 17, 'Davion Fritsch IV', 'Quaerat beatae eaque nulla aspernatur. Molestias ut fugiat dolor id laboriosam aut vitae. Sint recusandae fugit et quia.', 5, '2019-04-04 20:05:19', '2019-04-04 20:05:19'),
(177, 24, 'Dr. Rhea Quitzon Jr.', 'Iste cum sed sit commodi. Et cupiditate quia iste earum est. Quaerat nostrum amet quia nesciunt ex architecto maxime.', 0, '2019-04-04 20:05:19', '2019-04-04 20:05:19'),
(178, 2, 'Georgette Gislason', 'Tempore cupiditate quos earum occaecati rerum vero. Eum doloribus voluptatem debitis asperiores veniam repudiandae molestias. Ut voluptatem hic aut ratione voluptatibus animi. Sed qui sint repudiandae autem eveniet nostrum voluptatum libero. Eligendi harum ut aspernatur itaque.', 4, '2019-04-04 20:05:19', '2019-04-04 20:05:19'),
(179, 35, 'Samson Torp', 'Ea adipisci dolorem atque asperiores culpa sint ullam. Pariatur laborum pariatur id nemo modi. Eligendi modi atque distinctio voluptatum debitis voluptatum.', 5, '2019-04-04 20:05:19', '2019-04-04 20:05:19'),
(180, 47, 'Ewald Metz I', 'Incidunt illo aliquam fuga quo et est voluptatem. Quo molestiae iusto voluptas eligendi commodi a quia. Nemo quos atque est qui at. Id excepturi corporis ut ab nam et ut.', 5, '2019-04-04 20:05:19', '2019-04-04 20:05:19'),
(181, 23, 'Julian Bogisich', 'Natus quis sed explicabo. Ipsum enim odio provident excepturi sunt. A earum dolore corporis est animi occaecati. Et illum itaque ea natus.', 2, '2019-04-04 20:05:19', '2019-04-04 20:05:19'),
(182, 12, 'Demarco Conroy', 'Quis velit debitis officiis consectetur totam quibusdam. Quidem est architecto inventore eveniet id officiis.', 3, '2019-04-04 20:05:19', '2019-04-04 20:05:19'),
(183, 40, 'Terrence King I', 'Aut ratione quaerat laudantium quis vel laborum ratione. Libero maxime aut amet magnam. Deleniti voluptatum ipsam eos quibusdam. Ducimus nostrum illo et molestiae nisi et ipsum reiciendis.', 4, '2019-04-04 20:05:19', '2019-04-04 20:05:19'),
(184, 30, 'Dr. Fritz Champlin IV', 'Nihil amet dicta dolorem tenetur consequatur deleniti sit. Quidem est quae beatae nisi facere est. Labore qui voluptas reiciendis.', 2, '2019-04-04 20:05:19', '2019-04-04 20:05:19'),
(185, 35, 'Prof. Tyreek Daniel', 'Dolorem et non iusto magni vitae possimus accusamus. Rerum veniam consequatur omnis itaque ipsam est. Rerum distinctio harum quibusdam ut perspiciatis dolor. Fugiat velit qui dolorum inventore qui.', 2, '2019-04-04 20:05:19', '2019-04-04 20:05:19'),
(186, 35, 'Ari Reichel', 'Quod aut culpa deserunt atque nesciunt. Eligendi asperiores similique omnis dolorem. Qui voluptatem tempora sunt officia atque maiores iusto aspernatur.', 2, '2019-04-04 20:05:19', '2019-04-04 20:05:19'),
(187, 40, 'Eladio Kuhn', 'Expedita et ut harum aut quasi dicta eius. Explicabo in velit reprehenderit unde nemo. Dolores quo aut consectetur velit.', 4, '2019-04-04 20:05:19', '2019-04-04 20:05:19'),
(188, 5, 'Dr. Rickey Ward', 'Dolores consequatur enim enim. Dolorem harum dolor dolorem dolores. Id voluptas est nemo omnis.', 3, '2019-04-04 20:05:19', '2019-04-04 20:05:19'),
(189, 3, 'Beatrice Quigley', 'Aut maxime quos porro est sunt libero reprehenderit optio. Ut deleniti nihil nulla totam porro recusandae. Dolorum id velit quia placeat voluptate sunt.', 3, '2019-04-04 20:05:19', '2019-04-04 20:05:19'),
(190, 27, 'Wilmer Ledner', 'Consequatur excepturi nulla debitis ut. Ut cum et magni et deserunt quia sit. Ducimus excepturi quia vero aut recusandae. Molestias itaque labore facilis quos tenetur quisquam quasi.', 5, '2019-04-04 20:05:19', '2019-04-04 20:05:19'),
(191, 31, 'Adelia Von', 'Expedita ut expedita molestiae quis aut. Illum est perspiciatis nobis ducimus quis quibusdam dolorem. Sit neque iusto molestias repellendus soluta. Porro molestias qui maxime. Omnis excepturi id doloribus quo non at et sed.', 2, '2019-04-04 20:05:19', '2019-04-04 20:05:19'),
(192, 43, 'Marie Ondricka', 'Aut quod similique excepturi ab quo voluptas velit. Fuga nemo tempore dolores excepturi natus. Et voluptatem asperiores neque velit.', 3, '2019-04-04 20:05:19', '2019-04-04 20:05:19'),
(193, 19, 'Doyle Gorczany', 'Voluptatem corporis qui et sapiente quia et et sit. Nihil aliquid et reiciendis et. Pariatur ullam labore consequuntur neque dolorem non qui amet. Aut magnam rerum expedita dolorum incidunt laboriosam ut.', 3, '2019-04-04 20:05:19', '2019-04-04 20:05:19'),
(194, 4, 'Betty Barton Sr.', 'Deserunt assumenda at possimus enim maxime mollitia ullam. Nihil quo qui qui omnis illo quasi qui. Voluptatibus ut ipsam commodi voluptate iure.', 3, '2019-04-04 20:05:20', '2019-04-04 20:05:20'),
(195, 15, 'Aglae Kris', 'Excepturi quisquam dolor aperiam aut. Laborum tempore quo odit. Deleniti rerum accusantium est architecto. Ullam omnis magni magnam perspiciatis. Ipsam dolor debitis qui beatae.', 3, '2019-04-04 20:05:20', '2019-04-04 20:05:20'),
(196, 39, 'Tabitha Kuphal', 'Asperiores cum totam voluptas aut reiciendis. Corrupti sed voluptas qui provident laudantium qui. Earum ut occaecati voluptatem.', 2, '2019-04-04 20:05:20', '2019-04-04 20:05:20'),
(197, 12, 'Tatyana Hermann V', 'Ea quia necessitatibus quidem a dolores et dolores. Rerum incidunt quibusdam dolorem alias repudiandae. Omnis eum ut sed inventore omnis eius natus ut. Nulla tempora voluptates qui placeat ut officiis fugiat et. Perferendis odio culpa consequuntur.', 4, '2019-04-04 20:05:20', '2019-04-04 20:05:20'),
(198, 35, 'Demetris Dickinson V', 'Porro et quas non maxime at eos provident. Qui eum nihil ipsum sequi non consectetur. Ut rerum est et nemo voluptas neque odio nisi. Sed illo dolor quasi.', 5, '2019-04-04 20:05:20', '2019-04-04 20:05:20'),
(199, 31, 'Sylvester Ebert V', 'Cum delectus expedita tempore dolorem quas sint eveniet deserunt. Eum est earum nostrum sunt quam vero quod molestias.', 4, '2019-04-04 20:05:20', '2019-04-04 20:05:20'),
(200, 33, 'Ms. Anna Dare I', 'In hic vel ut sunt est possimus. Est dolor et odio reiciendis. Illo voluptatum soluta cum repudiandae inventore deserunt inventore.', 5, '2019-04-04 20:05:20', '2019-04-04 20:05:20'),
(201, 19, 'Liliana Steuber', 'Laboriosam consequatur dolor tempore nobis ab aperiam et. Aliquam officiis rem atque.', 0, '2019-04-04 20:05:20', '2019-04-04 20:05:20'),
(202, 3, 'Bettie Treutel', 'Magnam laboriosam omnis neque provident voluptate. Quam laboriosam quae laboriosam quas omnis nam maiores. Quis a laboriosam aperiam enim.', 4, '2019-04-04 20:05:20', '2019-04-04 20:05:20'),
(203, 22, 'Pearlie King', 'Quia nobis eum harum qui quis recusandae. Animi vel dolores veniam quidem qui vel est. Laboriosam ullam enim rerum. Qui autem reiciendis voluptate id.', 3, '2019-04-04 20:05:20', '2019-04-04 20:05:20'),
(204, 43, 'Tyra Emmerich', 'Mollitia impedit vel corrupti quidem delectus ea. Velit qui quia et est omnis ut. Iusto itaque quia aliquam. Autem necessitatibus asperiores commodi culpa dolores qui.', 5, '2019-04-04 20:05:20', '2019-04-04 20:05:20'),
(205, 7, 'Roberta Grimes', 'Fugiat itaque repellendus dolore sunt. Rem ea consectetur labore ad. Ea amet dolorum asperiores est. Nihil quia ut occaecati provident dignissimos dolore voluptas.', 2, '2019-04-04 20:05:20', '2019-04-04 20:05:20'),
(206, 23, 'Prof. Conrad Gibson DVM', 'Incidunt porro eius dicta ut rem doloremque. Accusamus quidem aliquid atque aut ut accusamus. Recusandae adipisci dolorem et. Temporibus natus magni error quo.', 3, '2019-04-04 20:05:20', '2019-04-04 20:05:20'),
(207, 25, 'Gennaro Wiza', 'Officiis laborum est officia incidunt velit. Quia incidunt qui ea magnam voluptatem. Debitis eum et odio accusantium sequi. Itaque asperiores repudiandae perferendis porro nihil eos. Distinctio ipsam ducimus et corporis.', 2, '2019-04-04 20:05:20', '2019-04-04 20:05:20'),
(208, 23, 'Prof. Laurel Ritchie', 'Libero nesciunt aliquam ut dolore qui delectus. Nihil dolorem ut ex aut. Asperiores est totam voluptatem voluptatem velit et. Delectus neque esse esse quos tenetur. Praesentium ipsam totam porro vel et nisi dignissimos.', 3, '2019-04-04 20:05:20', '2019-04-04 20:05:20'),
(209, 47, 'Arvel Miller', 'Ut laboriosam blanditiis nostrum odit minus magnam eos. Ea id et voluptas. Ducimus quia ratione occaecati fugit ad consequatur. Dolorem laudantium praesentium consequuntur atque.', 2, '2019-04-04 20:05:20', '2019-04-04 20:05:20'),
(210, 31, 'Patricia Pacocha', 'Amet veniam deserunt aut veniam labore atque. Aut atque nobis sit.', 1, '2019-04-04 20:05:20', '2019-04-04 20:05:20');
INSERT INTO `reviews` (`id`, `product_id`, `customer`, `review`, `star`, `created_at`, `updated_at`) VALUES
(211, 48, 'Dr. Domingo Gibson PhD', 'Minima nulla rerum vel tempora dolorem non. Laudantium quo similique quibusdam eveniet consequatur tenetur natus. Laborum in aut dolorem ea et. Voluptatem temporibus deserunt debitis perferendis.', 5, '2019-04-04 20:05:20', '2019-04-04 20:05:20'),
(212, 45, 'Aurore Rath', 'Dolores consectetur unde voluptas aut aut iusto ab. Quis saepe asperiores placeat magni quas qui. Et sunt est voluptatem iste ut eius sunt.', 3, '2019-04-04 20:05:20', '2019-04-04 20:05:20'),
(213, 9, 'Prof. Larissa Sawayn', 'Ut exercitationem dolores eos aut pariatur. Corporis molestiae omnis aut unde aut.', 0, '2019-04-04 20:05:20', '2019-04-04 20:05:20'),
(214, 30, 'Lilla Walker PhD', 'Ipsam neque velit soluta est nihil culpa. Eum qui sit quod autem.', 1, '2019-04-04 20:05:21', '2019-04-04 20:05:21'),
(215, 46, 'Cordell Grant', 'Impedit quaerat deleniti totam repellendus et. Error ad numquam harum quis sunt voluptates. Quis corporis aliquam omnis nesciunt atque aut quidem vitae.', 5, '2019-04-04 20:05:21', '2019-04-04 20:05:21'),
(216, 35, 'Sonny Torp V', 'Nihil possimus qui culpa inventore totam ea impedit ut. Dolor facilis et labore nihil sit culpa. Doloremque eum sunt nihil est voluptate perspiciatis aliquam. Suscipit quas iure doloremque autem distinctio.', 4, '2019-04-04 20:05:21', '2019-04-04 20:05:21'),
(217, 10, 'Roselyn Waelchi', 'Reiciendis assumenda laboriosam officia velit quae. Ullam vitae fuga consectetur quis omnis fuga. Saepe quia deserunt incidunt distinctio eos qui. Ducimus ut labore quisquam molestias.', 0, '2019-04-04 20:05:21', '2019-04-04 20:05:21'),
(218, 48, 'Ms. Florine Hudson IV', 'Ut vel maxime assumenda rerum perspiciatis aut occaecati. Accusamus sapiente sint et alias sed ducimus. Error nobis eaque voluptates eum ipsam. Dolorum excepturi delectus non aperiam.', 1, '2019-04-04 20:05:21', '2019-04-04 20:05:21'),
(219, 36, 'Margaretta Barrows Sr.', 'A et iusto numquam. Qui ea dolorem nemo quo aliquid quasi autem et. Quia est quo est nemo. Architecto rerum itaque id vel nihil aut.', 3, '2019-04-04 20:05:21', '2019-04-04 20:05:21'),
(220, 24, 'Dr. Barney Marquardt', 'Id deleniti dolorem veniam similique deleniti. Asperiores earum occaecati totam dolores deserunt. Sapiente perspiciatis qui non beatae maxime deserunt. Alias repellat veniam ut est aut voluptas ut. Veritatis sunt odio consequatur voluptatibus labore fuga.', 3, '2019-04-04 20:05:21', '2019-04-04 20:05:21'),
(221, 32, 'Mrs. Reta Wuckert', 'Est velit ratione nihil voluptatem. Eligendi officia quia et. Consectetur aut quia porro.', 3, '2019-04-04 20:05:21', '2019-04-04 20:05:21'),
(222, 33, 'Ms. Winnifred Jacobs', 'Velit ut et ipsa culpa qui eius. Deleniti aut minima sit facere. Excepturi velit amet aut illum voluptas esse. Id corporis nihil quos excepturi corrupti et quia fugit.', 4, '2019-04-04 20:05:21', '2019-04-04 20:05:21'),
(223, 48, 'Dr. Maria Wehner DDS', 'Ut non ipsum molestiae necessitatibus incidunt molestias sit. Voluptatem molestias nulla numquam deleniti perferendis et est dolor. Sit eligendi et tempora. Dicta dignissimos totam sint perferendis.', 5, '2019-04-04 20:05:21', '2019-04-04 20:05:21'),
(224, 23, 'Brian Bernhard DVM', 'At fugiat ratione quod corrupti est. Ea et est quibusdam et perferendis aut. Omnis voluptatibus vero alias non ratione ad et. Doloribus consectetur qui nihil aut sed minus quos.', 1, '2019-04-04 20:05:21', '2019-04-04 20:05:21'),
(225, 40, 'Mr. Vladimir Fisher', 'Quam aut tempora sequi itaque itaque placeat alias iste. Ea voluptatum et ex architecto odio doloremque. Sed et perspiciatis eligendi dolorem omnis doloremque dolorem.', 2, '2019-04-04 20:05:21', '2019-04-04 20:05:21'),
(226, 1, 'Abbey Harris II', 'Molestiae officia cupiditate et qui a magnam. Iste quae consequuntur enim. Vel enim et fugiat veniam voluptas. Nemo quia occaecati quia aut impedit exercitationem.', 4, '2019-04-04 20:05:21', '2019-04-04 20:05:21'),
(227, 8, 'Rosina Brown', 'Sapiente quia itaque labore non accusamus aliquid aut. Hic et et ea ab assumenda. Doloribus ut voluptates cupiditate. Totam nulla modi eos iusto.', 3, '2019-04-04 20:05:21', '2019-04-04 20:05:21'),
(228, 7, 'Dr. Cody Smitham DDS', 'Odit et sint necessitatibus et. Rerum aut in consequatur dolores ut omnis.', 0, '2019-04-04 20:05:21', '2019-04-04 20:05:21'),
(229, 41, 'Arch Hudson V', 'Autem nihil natus qui tempore veritatis. Et voluptatem officiis ullam fugiat iusto quia adipisci sapiente. Vel unde dolore nostrum autem animi. Libero iste eveniet asperiores vero.', 0, '2019-04-04 20:05:21', '2019-04-04 20:05:21'),
(230, 18, 'Princess Bruen Sr.', 'Molestiae accusamus quia beatae perferendis et autem qui vel. Reprehenderit eveniet laboriosam ipsa sit sed facilis beatae. Dolor dolor delectus reiciendis. Repudiandae sunt aliquid accusamus dicta placeat quibusdam consequuntur dolore.', 0, '2019-04-04 20:05:21', '2019-04-04 20:05:21'),
(231, 7, 'Dana Gaylord', 'Vel odio veniam minima occaecati. Est omnis fugiat enim.', 0, '2019-04-04 20:05:21', '2019-04-04 20:05:21'),
(232, 34, 'Billie Rempel', 'Tenetur qui id accusantium quam laboriosam voluptas dolorem. Est consectetur natus perferendis. Quia delectus quis qui saepe quisquam.', 2, '2019-04-04 20:05:21', '2019-04-04 20:05:21'),
(233, 4, 'Mr. Constantin Donnelly', 'Sint quo voluptas amet harum aut. Labore aut repellat optio deserunt. Corrupti officiis quia occaecati earum voluptatem at necessitatibus tenetur. Eius doloribus et repudiandae quae reprehenderit maiores quo.', 3, '2019-04-04 20:05:21', '2019-04-04 20:05:21'),
(234, 38, 'Ms. Rae Feil', 'Eaque dolore odio quo quibusdam voluptas distinctio. Praesentium ex quis et accusantium porro. Est delectus aut quo qui rem. Et nulla distinctio soluta laboriosam eum et.', 5, '2019-04-04 20:05:21', '2019-04-04 20:05:21'),
(235, 30, 'Eddie Haag', 'Possimus beatae nam et est. Est sequi enim repudiandae quidem. Ea quisquam repellat temporibus accusantium.', 4, '2019-04-04 20:05:21', '2019-04-04 20:05:21'),
(236, 4, 'Prof. Geovany Lynch', 'Blanditiis voluptas ducimus qui ut sequi. Debitis quas eveniet error corporis culpa rem sit omnis.', 3, '2019-04-04 20:05:21', '2019-04-04 20:05:21'),
(237, 22, 'Erling Mosciski', 'Et deserunt omnis vero. Nihil eius sit reiciendis modi est. Quisquam deleniti cumque eos sit natus. Possimus qui natus velit voluptates fugit eius est. Quidem iste voluptatibus voluptas est labore omnis.', 4, '2019-04-04 20:05:22', '2019-04-04 20:05:22'),
(238, 10, 'Alessandra Feeney', 'Qui eos non totam soluta ut dicta. Aut natus ipsum ea libero explicabo. Nobis est sapiente nobis.', 0, '2019-04-04 20:05:22', '2019-04-04 20:05:22'),
(239, 34, 'Prof. Cassie Huel', 'Saepe eos officia alias explicabo voluptates qui. Voluptas iste cumque in ipsam harum est et. Aliquid unde maiores placeat.', 5, '2019-04-04 20:05:22', '2019-04-04 20:05:22'),
(240, 13, 'Moshe Boehm', 'Sed cumque quia aut quibusdam. Labore molestiae non omnis vero autem aspernatur. Non expedita doloremque excepturi vero. Dolorem ut id quaerat. Eos dolorum ratione quas est.', 5, '2019-04-04 20:05:22', '2019-04-04 20:05:22'),
(241, 35, 'Steve Lockman', 'Sit adipisci culpa tenetur hic dolorum nihil ratione qui. Enim animi qui autem. Velit nisi sit iste sit minima. Est et veritatis nesciunt magnam harum repellendus non.', 1, '2019-04-04 20:05:22', '2019-04-04 20:05:22'),
(242, 39, 'Dr. Lorenza Schamberger MD', 'Omnis velit sunt doloremque quaerat quo neque. Temporibus sapiente dignissimos aut nobis magni impedit. Rerum esse cupiditate recusandae vitae esse voluptatem. Sunt dolorem accusamus ut esse.', 3, '2019-04-04 20:05:22', '2019-04-04 20:05:22'),
(243, 1, 'Raheem Legros III', 'Et dicta dolorem vitae reprehenderit odio quidem blanditiis. Nulla occaecati qui ad minus adipisci et et.', 5, '2019-04-04 20:05:22', '2019-04-04 20:05:22'),
(244, 31, 'Estevan Wisozk', 'Repellendus consequatur temporibus magni dolores atque dolorum ea. Quas est veniam minus. Dolore aut quia facilis quod. Exercitationem tempore est et dolorum quidem maiores.', 4, '2019-04-04 20:05:22', '2019-04-04 20:05:22'),
(245, 47, 'Dejon Brakus', 'Quia atque numquam qui sed accusantium nam iusto. Qui aliquid non vel ut perferendis labore quaerat. Voluptatem alias praesentium et sequi eligendi magni deleniti et. Ipsam aut ea dolorem aliquid.', 2, '2019-04-04 20:05:22', '2019-04-04 20:05:22'),
(246, 27, 'Sonya Homenick', 'Consequatur quas dicta et dolor quibusdam est dolorem occaecati. At praesentium aut iusto totam debitis ratione ullam. Saepe laudantium non nulla et autem temporibus. Ea aperiam qui molestias sed natus aliquam cum.', 0, '2019-04-04 20:05:22', '2019-04-04 20:05:22'),
(247, 6, 'Dr. Kiel Mohr', 'Officiis consectetur quaerat voluptatem quod. Quis sit quos rem aut tenetur at quidem. Consequuntur vel possimus ut magnam adipisci officiis illo et. Provident suscipit nesciunt porro molestiae.', 1, '2019-04-04 20:05:22', '2019-04-04 20:05:22'),
(248, 45, 'Clemens Borer', 'Sunt tempore saepe nihil adipisci quis omnis. Sunt ex ut vel ea. Et quia id qui sequi accusantium aliquid consequatur.', 1, '2019-04-04 20:05:22', '2019-04-04 20:05:22'),
(249, 25, 'Giovani Lockman', 'Ipsam sed doloremque modi corporis omnis sint assumenda cum. Nihil iure sed incidunt veritatis. Magni aut rerum praesentium voluptates ut et rerum. Minus veniam praesentium dolorem fugit consectetur.', 2, '2019-04-04 20:05:22', '2019-04-04 20:05:22'),
(250, 47, 'Cathy Gerhold DVM', 'Nesciunt sunt maiores aut ut amet optio laborum. Maxime nemo a et tempore. Nulla veniam autem qui rerum.', 2, '2019-04-04 20:05:22', '2019-04-04 20:05:22'),
(251, 11, 'Jany Wolff', 'Consequuntur amet facilis inventore enim. Possimus totam ratione ratione molestiae ab aut non. Itaque perferendis eos est eos. Accusantium itaque consequatur laborum et tenetur eligendi nesciunt odio.', 1, '2019-04-04 20:05:22', '2019-04-04 20:05:22'),
(252, 47, 'Dr. Issac Champlin', 'Iste id et nemo maxime. Voluptas repellendus nulla molestias consequatur incidunt quis cupiditate et. Magnam ipsum consequatur enim quia animi sit.', 4, '2019-04-04 20:05:22', '2019-04-04 20:05:22'),
(253, 7, 'Curtis Kuphal', 'Doloremque enim libero et. Quia voluptatem quia voluptatem ducimus quia illum. Laborum neque asperiores qui vel repellat quas.', 3, '2019-04-04 20:05:22', '2019-04-04 20:05:22'),
(254, 27, 'Lavinia Hammes', 'Cum quos corporis facilis debitis maiores placeat a. Et nihil exercitationem quia est error iusto qui qui. Est iusto exercitationem sunt molestiae ullam enim.', 1, '2019-04-04 20:05:22', '2019-04-04 20:05:22'),
(255, 42, 'Luciano Sanford', 'Laborum quas sunt ut qui nemo. Earum cum aspernatur mollitia sit quia. Sequi amet sunt dolores tempora voluptatum natus. Excepturi error nam quo.', 4, '2019-04-04 20:05:22', '2019-04-04 20:05:22'),
(256, 37, 'Raphael Balistreri', 'Non ex non fuga porro. Consequatur et nisi quas quam nisi culpa. Dolores illum quae modi quia autem est rerum. Ut fuga porro ullam repellat qui fugiat rerum.', 4, '2019-04-04 20:05:22', '2019-04-04 20:05:22'),
(257, 33, 'Hope Hane Jr.', 'Vel voluptas tempore modi sunt dignissimos. Quibusdam ipsum nam provident quo magnam facilis fuga voluptatem. Earum libero repellat laborum atque.', 4, '2019-04-04 20:05:22', '2019-04-04 20:05:22'),
(258, 4, 'Rick Cummerata I', 'Odit voluptatum cumque cupiditate qui tempora id. Similique minus fugit veritatis distinctio eaque quia est. Dolores animi a quasi illo ut. Eaque iusto omnis nisi voluptatem voluptatibus sed. Commodi mollitia amet ex minima.', 4, '2019-04-04 20:05:23', '2019-04-04 20:05:23'),
(259, 23, 'Dr. Obie Schuppe V', 'Distinctio dolores corporis rerum ut sed sed omnis illo. Provident vel incidunt perspiciatis hic officiis nihil in sunt. Qui sapiente similique minus quia.', 1, '2019-04-04 20:05:23', '2019-04-04 20:05:23'),
(260, 48, 'Marco Ernser PhD', 'Et dolores porro possimus quo sed libero. Tenetur sunt illum vero. Exercitationem quidem itaque ab ipsa qui quas nulla.', 0, '2019-04-04 20:05:23', '2019-04-04 20:05:23'),
(261, 23, 'Roosevelt Friesen', 'Dolore temporibus ea ut vero qui est facere officiis. Ut dicta ducimus quibusdam. Qui consequatur nihil voluptates. Dignissimos similique minima mollitia esse molestias.', 5, '2019-04-04 20:05:23', '2019-04-04 20:05:23'),
(262, 4, 'Iva Schumm', 'Asperiores non commodi officia maxime est. Culpa non suscipit consequuntur fuga omnis. Est in assumenda veniam magni quos. Sit omnis sed at.', 4, '2019-04-04 20:05:23', '2019-04-04 20:05:23'),
(263, 5, 'Dr. Carli Grant', 'Itaque recusandae consequatur corrupti occaecati minima. Illum eveniet enim est eligendi in ducimus. Totam debitis voluptatem ipsum illum. Tenetur ab laudantium molestiae doloribus.', 3, '2019-04-04 20:05:23', '2019-04-04 20:05:23'),
(264, 20, 'Mr. Enos Haley', 'Eos nemo autem hic. Assumenda rerum modi ea sapiente non deleniti qui. Impedit magni dignissimos cum earum voluptatem nemo sint earum. Reprehenderit blanditiis quaerat expedita autem ducimus deleniti repellat est. Quia veritatis ut officiis suscipit animi.', 3, '2019-04-04 20:05:23', '2019-04-04 20:05:23'),
(265, 18, 'Dr. Evalyn Rice IV', 'Et et et dolorum debitis sapiente. Ipsum eligendi rerum consequatur et earum nostrum consequuntur cumque. Sunt sed corporis maiores repudiandae dolore. Repellat non veniam magnam minus quibusdam aut amet.', 0, '2019-04-04 20:05:23', '2019-04-04 20:05:23'),
(266, 14, 'Stephan Wunsch', 'Ab ea ut et et earum at. Eligendi aut porro quis quis non. Voluptates ut et dignissimos est ullam eos harum.', 0, '2019-04-04 20:05:23', '2019-04-04 20:05:23'),
(267, 25, 'Leonie Abbott II', 'Consequatur sunt pariatur reiciendis hic qui mollitia ducimus molestiae. Et quasi quae accusantium debitis. Non nisi perspiciatis quia voluptatibus ut laudantium. Eos quidem itaque est nisi veritatis et nostrum.', 5, '2019-04-04 20:05:23', '2019-04-04 20:05:23'),
(268, 47, 'Prof. Mia Yost IV', 'Repellat officia ut iure temporibus ratione architecto. Voluptatem recusandae necessitatibus accusamus aut fuga. Quaerat iure consequatur eos et voluptatem saepe nesciunt quia. Sint quo et dolorum delectus vero.', 1, '2019-04-04 20:05:23', '2019-04-04 20:05:23'),
(269, 18, 'Katrina Goldner DDS', 'Odit et quia nobis ut similique corporis ea. Pariatur eius quas soluta laudantium sapiente. Totam esse et id rerum.', 4, '2019-04-04 20:05:23', '2019-04-04 20:05:23'),
(270, 48, 'Adriana Schowalter III', 'In voluptas atque similique est. Minus asperiores veniam autem non voluptas aliquid. Odio non sapiente occaecati perspiciatis atque sequi dolores. Est qui nihil expedita ipsa ullam tenetur sed quia.', 1, '2019-04-04 20:05:23', '2019-04-04 20:05:23'),
(271, 42, 'Mr. Diamond Thompson DVM', 'Libero accusantium voluptatibus ex odio. Quidem neque quaerat id iusto ipsam placeat minus et. Pariatur sunt ut eum veritatis quaerat repudiandae enim. Vitae autem eius aut aperiam enim voluptates voluptas.', 1, '2019-04-04 20:05:23', '2019-04-04 20:05:23'),
(272, 41, 'Mr. Dwight Kohler I', 'Inventore rerum ab voluptas non libero. Sed sit eaque illo odit veritatis sint aut. Autem et ut unde cupiditate. Molestiae quidem rem eius et ut dolor.', 4, '2019-04-04 20:05:23', '2019-04-04 20:05:23'),
(273, 2, 'Mrs. Laury Berge IV', 'Et odit earum voluptatem vel consequuntur. Maxime aut culpa nam iste id. Qui vitae sequi minus tempora eligendi.', 0, '2019-04-04 20:05:23', '2019-04-04 20:05:23'),
(274, 12, 'Miss Nichole Pouros', 'Molestiae eius libero quidem dolores. Qui ut veniam quia ut ut. Odit accusamus provident voluptates omnis quos. Dolorem nulla dolores ratione blanditiis deleniti quos earum.', 3, '2019-04-04 20:05:23', '2019-04-04 20:05:23'),
(275, 9, 'Guiseppe Kirlin DVM', 'Omnis est ullam sint laborum beatae. Enim eligendi rerum veniam vel vitae repudiandae voluptas. Consequatur quia reprehenderit voluptatem ab harum amet.', 5, '2019-04-04 20:05:23', '2019-04-04 20:05:23'),
(276, 50, 'Vada Prohaska', 'Numquam sit consequatur eius quibusdam. In doloremque sint blanditiis corporis. Qui voluptatem incidunt delectus nihil. Impedit itaque est labore perferendis placeat.', 4, '2019-04-04 20:05:23', '2019-04-04 20:05:23'),
(277, 45, 'Deontae Simonis', 'Voluptatem adipisci officia nihil commodi vitae maxime. Magnam mollitia quod ratione neque aut dolore. Dolorem necessitatibus beatae quia molestiae.', 3, '2019-04-04 20:05:24', '2019-04-04 20:05:24'),
(278, 10, 'Colton Daniel', 'Totam fugit vitae minima deleniti. Voluptatem eos necessitatibus nisi hic. Consequatur vel earum quo veritatis quo voluptatum asperiores. Porro qui voluptas ratione nihil.', 5, '2019-04-04 20:05:24', '2019-04-04 20:05:24'),
(279, 49, 'Luz Kling', 'Eaque illo ratione ut repellendus. Dolorum cupiditate facilis est architecto nihil.', 3, '2019-04-04 20:05:24', '2019-04-04 20:05:24'),
(280, 7, 'Crystal Murphy', 'Voluptatem minima atque assumenda. Autem nihil autem deleniti enim voluptas dolorem reiciendis. Velit corrupti asperiores error eos aut ea.', 1, '2019-04-04 20:05:24', '2019-04-04 20:05:24'),
(281, 17, 'Prof. Yvette Kuvalis', 'Minima quas iste et nisi fuga. Tempore eos eum natus et ut. Minus quam nobis at soluta sapiente assumenda magni. Voluptatem magnam cumque praesentium et eaque deleniti iusto.', 4, '2019-04-04 20:05:24', '2019-04-04 20:05:24'),
(282, 24, 'Dr. Jonas Orn', 'Officia incidunt numquam et molestias sint explicabo. Repudiandae perferendis vitae quis magnam assumenda nihil nulla consequatur. Laborum repellat dolor accusamus delectus. Aliquam sit architecto cumque ut necessitatibus incidunt.', 0, '2019-04-04 20:05:24', '2019-04-04 20:05:24'),
(283, 13, 'Dalton Jacobs', 'Vel quia blanditiis vero placeat placeat autem illo. Est iste culpa quaerat dolorum voluptatem. Pariatur aperiam illum adipisci.', 0, '2019-04-04 20:05:24', '2019-04-04 20:05:24'),
(284, 40, 'Jordan Reinger', 'Molestias consectetur error laboriosam quia. Non nulla nulla qui eos eum nihil incidunt perferendis. Amet iste hic sunt ipsam et veniam aliquam. Sed sint minima fugiat maxime consequatur alias.', 5, '2019-04-04 20:05:24', '2019-04-04 20:05:24'),
(285, 15, 'Ms. Mandy Friesen', 'Magni culpa recusandae dolore enim. Et autem vel perferendis eos ut. Dolor id illo possimus praesentium mollitia labore eos.', 4, '2019-04-04 20:05:24', '2019-04-04 20:05:24'),
(286, 5, 'Mr. Darwin Bartell', 'Explicabo fuga qui qui aliquid. Excepturi suscipit possimus dignissimos dolorem officia consequatur eos minus.', 2, '2019-04-04 20:05:24', '2019-04-04 20:05:24'),
(287, 50, 'Josue Rutherford', 'Recusandae laudantium beatae ipsam quo vel molestiae aut. Voluptatem ea non at inventore nihil corrupti. Eius pariatur rerum placeat enim tempore veniam eos. Vitae quidem ea est minima dolores.', 0, '2019-04-04 20:05:24', '2019-04-04 20:05:24'),
(288, 10, 'Drew Zboncak', 'Velit eos hic tempore et inventore. Quis quasi dolores sequi non quia doloribus vitae. Voluptas vero repellendus placeat repellendus nam velit.', 5, '2019-04-04 20:05:24', '2019-04-04 20:05:24'),
(289, 5, 'Dr. Josh Considine III', 'Maxime nesciunt provident itaque odio. Qui dicta eum excepturi debitis cupiditate veritatis. Nulla excepturi sit sequi facere similique. Repellendus est amet omnis mollitia eos.', 4, '2019-04-04 20:05:24', '2019-04-04 20:05:24'),
(290, 6, 'Westley Herzog PhD', 'Omnis maiores magnam illum ex qui. Explicabo quo necessitatibus omnis et tempore. Eos eaque ea quia. Illum facilis non earum aspernatur.', 3, '2019-04-04 20:05:24', '2019-04-04 20:05:24'),
(291, 18, 'Brad Walter V', 'Nesciunt quaerat amet aut odio harum dolore aut. Veniam aliquid quaerat et. Temporibus facere omnis distinctio aut.', 3, '2019-04-04 20:05:24', '2019-04-04 20:05:24'),
(292, 2, 'Joanny Rowe', 'Ab eaque est quod voluptas. Voluptates ad assumenda voluptatem quia in. Repudiandae sint sunt ea eveniet minus. Ratione assumenda et ut distinctio natus et suscipit.', 5, '2019-04-04 20:05:24', '2019-04-04 20:05:24'),
(293, 32, 'Maximillian Rosenbaum', 'Quae non aliquid aut necessitatibus a culpa. Qui et velit est doloribus labore. Et voluptatibus maiores optio quia in ad eos.', 0, '2019-04-04 20:05:24', '2019-04-04 20:05:24'),
(294, 47, 'Prof. Lon Satterfield', 'Omnis et ut consequuntur commodi repellendus nihil dolorum. Magni tempore corporis quisquam.', 2, '2019-04-04 20:05:24', '2019-04-04 20:05:24'),
(295, 34, 'Bella Walker', 'Aut aut perferendis quis. Reiciendis sequi accusantium voluptatem alias fugiat voluptatem.', 3, '2019-04-04 20:05:24', '2019-04-04 20:05:24'),
(296, 46, 'Laney Prosacco', 'Ea cumque qui beatae dolor quis. Nulla minima beatae eum optio qui rerum et nobis. Voluptatibus sint maiores assumenda ratione rem. Quasi sit nisi dolores placeat velit.', 3, '2019-04-04 20:05:24', '2019-04-04 20:05:24'),
(297, 49, 'Dr. Madyson Boehm Jr.', 'Ab nisi voluptatem a. Dolor a ullam qui omnis omnis. Recusandae est nemo sed ut. Ad est officiis non animi.', 2, '2019-04-04 20:05:24', '2019-04-04 20:05:24'),
(298, 45, 'Mr. Nils Gaylord II', 'Perferendis quo praesentium dolorem id aut nihil. Eligendi harum voluptatibus soluta harum voluptatibus. Animi molestiae molestiae praesentium aut quisquam et repellat omnis. Sit commodi dolores vero non necessitatibus.', 0, '2019-04-04 20:05:25', '2019-04-04 20:05:25'),
(299, 47, 'Ms. Genevieve Bins DDS', 'Consequuntur libero odit blanditiis nemo id veniam repellat. Nisi nisi ut aut autem tempora soluta dolor. Eius quidem modi aut assumenda rerum.', 0, '2019-04-04 20:05:25', '2019-04-04 20:05:25'),
(300, 35, 'Deshawn Halvorson', 'Omnis ipsam incidunt molestias. Sed soluta ut itaque magnam quae at. Voluptatem nam in praesentium rerum sint.', 1, '2019-04-04 20:05:25', '2019-04-04 20:05:25');

-- --------------------------------------------------------

--
-- Table structure for table `users`
--

CREATE TABLE `users` (
  `id` bigint(20) UNSIGNED NOT NULL,
  `name` varchar(191) COLLATE utf8mb4_unicode_ci NOT NULL,
  `email` varchar(191) COLLATE utf8mb4_unicode_ci NOT NULL,
  `email_verified_at` timestamp NULL DEFAULT NULL,
  `password` varchar(191) COLLATE utf8mb4_unicode_ci NOT NULL,
  `remember_token` varchar(100) COLLATE utf8mb4_unicode_ci DEFAULT NULL,
  `created_at` timestamp NULL DEFAULT NULL,
  `updated_at` timestamp NULL DEFAULT NULL
) ENGINE=InnoDB DEFAULT CHARSET=utf8mb4 COLLATE=utf8mb4_unicode_ci;

--
-- Indexes for dumped tables
--

--
-- Indexes for table `migrations`
--
ALTER TABLE `migrations`
  ADD PRIMARY KEY (`id`);

--
-- Indexes for table `password_resets`
--
ALTER TABLE `password_resets`
  ADD KEY `password_resets_email_index` (`email`);

--
-- Indexes for table `products`
--
ALTER TABLE `products`
  ADD PRIMARY KEY (`id`);

--
-- Indexes for table `reviews`
--
ALTER TABLE `reviews`
  ADD PRIMARY KEY (`id`),
  ADD KEY `reviews_product_id_index` (`product_id`);

--
-- Indexes for table `users`
--
ALTER TABLE `users`
  ADD PRIMARY KEY (`id`),
  ADD UNIQUE KEY `users_email_unique` (`email`);

--
-- AUTO_INCREMENT for dumped tables
--

--
-- AUTO_INCREMENT for table `migrations`
--
ALTER TABLE `migrations`
  MODIFY `id` int(10) UNSIGNED NOT NULL AUTO_INCREMENT, AUTO_INCREMENT=5;

--
-- AUTO_INCREMENT for table `products`
--
ALTER TABLE `products`
  MODIFY `id` bigint(20) UNSIGNED NOT NULL AUTO_INCREMENT, AUTO_INCREMENT=51;

--
-- AUTO_INCREMENT for table `reviews`
--
ALTER TABLE `reviews`
  MODIFY `id` bigint(20) UNSIGNED NOT NULL AUTO_INCREMENT, AUTO_INCREMENT=301;

--
-- AUTO_INCREMENT for table `users`
--
ALTER TABLE `users`
  MODIFY `id` bigint(20) UNSIGNED NOT NULL AUTO_INCREMENT;

--
-- Constraints for dumped tables
--

--
-- Constraints for table `reviews`
--
ALTER TABLE `reviews`
  ADD CONSTRAINT `reviews_product_id_foreign` FOREIGN KEY (`product_id`) REFERENCES `products` (`id`) ON DELETE CASCADE;
COMMIT;

/*!40101 SET CHARACTER_SET_CLIENT=@OLD_CHARACTER_SET_CLIENT */;
/*!40101 SET CHARACTER_SET_RESULTS=@OLD_CHARACTER_SET_RESULTS */;
/*!40101 SET COLLATION_CONNECTION=@OLD_COLLATION_CONNECTION */;
